Origin,Dest,Distance
EWR,JFK,21
WRG,PSG,31
PSG,WRG,31
LAX,SNA,36
JNU,GST,41
GST,JNU,41
PLN,CIU,49
SWF,LGA,52
SAV,BQK,62
MIA,PBI,62
RHI,IMT,67
ORD,MKE,67
MKE,ORD,67
CWA,ATW,67
IMT,RHI,67
SJU,STT,68
STT,SJU,68
MEI,PIB,69
PIB,MEI,69
MVY,BOS,70
BOS,MVY,70
DEN,COS,73
COS,DEN,73
CLL,IAH,74
DTW,LAN,74
LAN,DTW,74
IAH,CLL,74
MSP,RST,76
RST,MSP,76
MRY,SFO,77
SFO,MRY,77
EWR,PHL,80
KTN,WRG,82
WRG,KTN,82
CLT,GSO,83
ATL,CSG,83
GSO,CLT,83
JMS,DVL,83
DVL,JMS,83
CSG,ATL,83
ORD,SBN,84
SBN,ORD,84
GSO,ROA,84
KOA,OGG,84
OGG,KOA,84
SFO,SMF,86
HIB,INL,86
LAX,CLD,86
SMF,SFO,86
CLD,LAX,86
INL,HIB,86
FAR,JMS,88
SBA,LAX,89
DFW,ACT,89
GJT,ASE,89
ACT,DFW,89
LAX,SBA,89
PHL,BWI,90
BWI,PHL,90
BOS,ACK,91
ACK,BOS,91
BIL,COD,92
SEA,BLI,93
BLI,SEA,93
EWR,AVP,93
AVP,EWR,93
SJU,STX,94
STX,SJU,94
SIT,JNU,95
CLE,DTW,95
DTW,CLE,95
JNU,SIT,95
LGA,PHL,96
PHL,LGA,96
FCA,MSO,97
MBS,DTW,98
DTW,MBS,98
IAD,RIC,100
HNL,OGG,100
RIC,IAD,100
OGG,HNL,100
MSO,BTM,101
DFW,TYR,102
TYR,DFW,102
HNL,LIH,102
LIH,HNL,102
ATL,CHA,106
CHA,ATL,106
CRP,HRL,107
LBB,AMA,107
ORD,MSN,108
MSN,ORD,108
PUB,DEN,109
SAN,LAX,109
LAX,SAN,109
DEN,PUB,109
PHX,TUS,110
TUS,PHX,110
LAX,PSP,110
PSP,LAX,110
DFW,SPS,113
DTW,AZO,113
DEN,LAR,113
LAR,DEN,113
SPS,DFW,113
AZO,DTW,113
MSP,BRD,114
BRD,MSP,114
MSN,CWA,114
ORD,BMI,116
BMI,ORD,116
BDL,EWR,116
EWR,BDL,116
MKG,ORD,118
ORD,MKG,118
LSE,MSP,119
PHL,DCA,119
FLG,PHX,119
DCA,PHL,119
MSP,LSE,119
PHX,FLG,119
DTW,GRR,120
EGE,DEN,120
GRR,DTW,120
DEN,EGE,120
ITO,OGG,121
OGG,ITO,121
ORD,AZO,122
AZO,ORD,122
PSG,JNU,123
JNU,PSG,123
EYW,MIA,125
ASE,DEN,125
DEN,ASE,125
MIA,EYW,125
GCC,RAP,125
LCH,IAH,127
IAH,LCH,127
DTW,FWA,128
FWA,DTW,128
PDX,SEA,129
SEA,PDX,129
ORD,PIA,130
RDU,CLT,130
CLT,RDU,130
PIA,ORD,130
SLC,VEL,132
VEL,SLC,132
DTW,CAK,133
CAK,DTW,133
BHM,ATL,134
LAX,SMX,134
GRK,DFW,134
ATL,BHM,134
SMX,LAX,134
DFW,GRK,134
ORD,CMI,135
CMI,ORD,135
GRR,ORD,137
ORD,GRR,137
STL,PIA,137
ORD,MLI,139
MLI,ORD,139
LAW,DFW,140
GGG,DFW,140
DFW,LAW,140
IAH,AUS,140
AUS,IAH,140
DFW,GGG,140
HDN,DEN,141
DEN,HDN,141
AGS,ATL,143
ALB,EWR,143
ATL,AGS,143
ORF,DCA,143
EWR,ALB,143
DLH,MSP,144
LRD,HRL,144
MSP,DLH,144
ABY,ATL,145
ATL,ABY,145
MGM,ATL,147
DBQ,ORD,147
ORD,DBQ,147
ATL,MGM,147
AUS,HOU,148
HOU,AUS,148
MSN,CID,149
SLC,PIH,150
PIH,SLC,150
HSV,ATL,151
ATL,HSV,151
MCI,LNK,152
ATL,TYS,152
GPT,VPS,152
TYS,ATL,152
DEN,GUC,152
GUC,DEN,152
ATL,GSP,153
BRD,INL,153
INL,BRD,153
GSP,ATL,153
RDU,PHF,154
DTW,CMH,155
CMH,DTW,155
LAX,SBP,156
SBP,LAX,156
ORD,FWA,157
MYR,CLT,157
CLT,MYR,157
DTW,SBN,157
IAD,ORF,157
TYS,LEX,157
ORF,IAD,157
FWA,ORD,157
SBN,DTW,157
ABI,DFW,158
FAT,SFO,158
DFW,ABI,158
SFO,FAT,158
ORF,BWI,159
BWI,ORF,159
PHX,YUM,160
YUM,PHX,160
ORD,ATW,160
ANC,CDV,160
PVD,EWR,160
EWR,PVD,160
ATW,ORD,160
CDV,ANC,160
SLC,RKS,162
RKS,SLC,162
KOA,HNL,163
IAH,TYR,163
TYR,IAH,163
HNL,KOA,163
AVL,ATL,164
DTW,ERI,164
DFW,CLL,164
ERI,DTW,164
ATL,AVL,164
CLL,DFW,164
IAH,GRK,166
DTW,DAY,166
GRK,IAH,166
DAY,DTW,166
CLT,CHS,168
IAD,TTN,168
CHS,CLT,168
EWR,BWI,169
BWI,EWR,169
ATL,DHN,170
DHN,ATL,170
SEA,PSC,172
PSC,SEA,172
MVY,JFK,173
ORD,GRB,173
GRB,ORD,173
JFK,MVY,173
SPI,ORD,174
HIB,MSP,174
ORD,SPI,174
MSP,HIB,174
MSP,CWA,175
SLC,TWF,175
OKC,DFW,175
CWA,MSP,175
DFW,OKC,175
TWF,SLC,175
IAD,ROA,177
FLL,MCO,177
ORD,IND,177
MCO,FLL,177
IND,ORD,177
ROA,IAD,177
LAN,ORD,179
ORD,LAN,179
GSO,CRW,181
DAL,OKC,181
TXK,DFW,181
OKC,DAL,181
DFW,TXK,181
PIT,IAD,182
IAD,PIT,182
SIT,KTN,183
OTZ,OME,183
KTN,SIT,183
OME,OTZ,183
SLC,CNY,184
BWI,JFK,184
CNY,SLC,184
BOS,LGA,184
JFK,BWI,184
LGA,BOS,184
CLT,ILM,185
ILM,CLT,185
BOS,JFK,187
CRP,HOU,187
HOU,CRP,187
JFK,BOS,187
SLC,IDA,188
IDA,SLC,188
DAL,AUS,189
FSD,LNK,189
AUS,DAL,189
SBP,SFO,190
AUS,DFW,190
SFO,SBP,190
IAH,AEX,190
DFW,SHV,190
SHV,DFW,190
DFW,AUS,190
RHI,MSP,190
AEX,IAH,190
MSP,RHI,190
SAT,IAH,191
IAH,SAT,191
CAE,ATL,192
MIA,MCO,192
SHV,IAH,192
IAH,SHV,192
RNO,SFO,192
HOU,SAT,192
ATL,CAE,192
MCO,MIA,192
SFO,RNO,192
SAT,HOU,192
SFO,MMH,193
MMH,SFO,193
MHT,LGA,195
LGA,MHT,195
EWR,SYR,195
SYR,EWR,195
JFK,HYA,196
MTJ,DEN,196
HYA,JFK,196
ORD,CID,196
PHL,BDL,196
BDL,PHL,196
MSP,FSD,196
DEN,MTJ,196
FSD,MSP,196
CID,ORD,196
TPA,FLL,197
LAS,ONT,197
ONT,LAS,197
FLL,TPA,197
APN,DTW,198
PHL,RIC,198
RIC,PHL,198
LGA,SYR,198
SYR,LGA,198
DTW,APN,198
YAK,JNU,198.91712707182322
JNU,YAK,198.91712707182322
DCA,EWR,199
ACK,JFK,199
SFO,RDD,199
EWR,DCA,199
BJI,MSP,199
MSP,BJI,199
RDD,SFO,199
JFK,ACK,199
BOS,EWR,200
SLC,EKO,200
EKO,SLC,200
EWR,BOS,200
CRP,IAH,201
PIT,DTW,201
LIH,OGG,201
IAH,LFT,201
LFT,IAH,201
OGG,LIH,201
DTW,PIT,201
IAH,CRP,201
SBN,CVG,203
MIA,TPA,204
SCC,BRW,204
TPA,MIA,204
DCA,PIT,204
BRW,SCC,204
PIT,DCA,204
JAC,SLC,205
SLC,JAC,205
TVC,DTW,207
DTW,TVC,207
VLD,ATL,208
ATL,VLD,208
FAT,LAX,209
EWR,MHT,209
JFK,SYR,209
SYR,JFK,209
LAX,FAT,209
MHT,EWR,209
PIT,BWI,210
BWI,PIT,210
IAD,EWR,212
EWR,IAD,212
DEN,GJT,212
GJT,DEN,212
ORD,CWA,212.26592977893367
CWA,ORD,212.26640675763483
CDV,YAK,213
TOL,ORD,213
ORD,TOL,213
YAK,CDV,213
DCA,JFK,213
JFK,DCA,213
CLE,SCE,213
BNA,ATL,214
ATL,SAV,214
LGA,DCA,214
DCA,LGA,214
ATL,BNA,214
SAV,ATL,214
LSE,ORD,215
ORD,LSE,215
DAL,IAH,216
GJT,SLC,216
SLC,GJT,216
ITO,HNL,216
SFO,SMX,216
IAH,DAL,216
HNL,ITO,216
SMX,SFO,216
BWI,ISP,220
MSP,CID,220
ISP,BWI,220
CID,MSP,220
CDC,SLC,221
SLC,CDC,221
SLC,SUN,222
SUN,SLC,222
MBS,ORD,222
ORD,MBS,222
TLH,ATL,223
FAR,MSP,223
BUR,LAS,223
MSP,FAR,223
ATL,TLH,223
ORD,FNT,223
FNT,ORD,223
LAS,BUR,223
IAH,DFW,224
SEA,GEG,224
GEG,SEA,224
DFW,IAH,224
IAD,RDU,224
ORD,TVC,224
TVC,ORD,224
RDU,IAD,224
ATL,CLT,226
CLT,ATL,226
SNA,LAS,226
LAS,SNA,226
FSM,DFW,227
DCA,RDU,227
DFW,FSM,227
TRI,ATL,227
ATL,TRI,227
RDU,DCA,227
IAD,JFK,228
MSN,MSP,228
DTW,MDW,228
JFK,IAD,228
MDW,DTW,228
MSP,MSN,228
DFW,SJT,229
SJT,DFW,229
CVG,DTW,229
IAD,LGA,229
DTW,CVG,229
LGA,IAD,229
CPR,DEN,230
CVG,BNA,230
BNA,CVG,230
DEN,CPR,230
DTW,IND,231
LAS,LGB,231
LGB,LAS,231
IND,DTW,231
DSM,MSP,232
MSP,DSM,232
DCA,HPN,234
ALO,ORD,234
ORD,ALO,234
JNU,KTN,234
KTN,JNU,234
HPN,DCA,234
ORD,DTW,235
DTW,ORD,235
MSP,ATW,236
ATW,MSP,236
LAS,LAX,236
LAX,LAS,236
DTW,MKE,237
TUL,DFW,237
MCI,STL,237
DFW,TUL,237
TUL,DAL,237
STL,MCI,237
DAL,TUL,237
MKE,DTW,237
PHL,PVD,237
PVD,PHL,237
ATL,BQK,238
BQK,ATL,238
BFL,SFO,238
SFO,BFL,238
IAD,GSO,239
GSO,IAD,239
DAL,HOU,239
HOU,DAL,239
ATL,ECP,240
DAY,ORD,240
ORD,DAY,240
ECP,ATL,240
ATL,GTR,241
GTR,ATL,241
DTW,BUF,241
BUF,DTW,241
DTW,PLN,243
PLN,DTW,243
EWR,ROC,246
ROC,EWR,246
DFW,HOU,247
DFW,SAT,247
SAT,DFW,247
HOU,DFW,247
DAL,SAT,248
SAT,DAL,248
VPS,ATL,250
ACV,SFO,250
ATL,VPS,250
SFO,ACV,250
DRO,DEN,250.73121869782972
DEN,DRO,250.73121869782972
STL,MDW,251
MDW,STL,251
MSP,GRB,252
GRB,MSP,252
ADQ,ANC,253
IAH,BTR,253
BTR,IAH,253
ANC,ADQ,253
ROC,LGA,254
LGA,ROC,254
LAS,PHX,255
PHX,LAS,255
MSP,INL,255
RDU,BWI,255
INL,MSP,255
BWI,RDU,255
CVG,PIT,256
PIT,CVG,256
IMT,MSP,257
CLT,RIC,257
ABR,MSP,257
RIC,CLT,257
MSP,IMT,257
MSP,ABR,257
LAS,SAN,258
STL,ORD,258
ORD,STL,258
SAN,LAS,258
LGA,BTV,258
BTV,LGA,258
CHS,ATL,259
ATL,CHS,259
RKS,DEN,260
DEN,RKS,260
RKS,GCC,261
FAI,ANC,261
PHX,PSP,261
GCC,RKS,261
ANC,FAI,261
PSP,PHX,261
MLU,IAH,262
SBA,SFO,262
IAH,MLU,262
SFO,SBA,262
JFK,ROC,264
ROC,JFK,264
CVG,ORD,264.765867731913
ORD,CVG,264.7669481853458
JFK,BTV,266
EWR,BTV,266
BTV,EWR,266
BTV,JFK,266
LAX,MRY,266
MRY,LAX,266
PIT,PHL,268
RST,ORD,268
PHL,PIT,268
ORD,RST,268
CVG,GRR,268
GRR,CVG,268
ORD,EAU,268.2520547945206
EAU,ORD,268.2520547945206
LGA,PWM,269
PWM,LGA,269
BPT,DFW,270
JAX,ATL,270
ATL,JAX,270
DFW,BPT,270
ATL,PNS,271
SDF,MDW,271
PNS,ATL,271
MDW,SDF,271
STL,BNA,272
SGU,SLC,272
SLC,SGU,272
BNA,STL,272
EVV,ORD,272.17380092831354
ORD,EVV,272.1738906088751
SLC,WYS,273
PWM,JFK,273
WYS,SLC,273
JFK,PWM,273
AUS,HRL,273
HRL,AUS,273
MLI,MSP,274
ACY,BOS,274
DCA,CAK,274
CAK,DCA,274
MSP,MLI,274
BOS,ACY,274
HRL,HOU,277
BWI,ROC,277
RIC,EWR,277
ROC,BWI,277
HOU,HRL,277
EWR,RIC,277
EGE,SLC,279
XNA,DFW,280
DFW,XNA,280
PHL,BOS,280
BOS,PHL,280
BUF,BWI,281
BWI,BUF,281
CRW,DTW,281
DTW,CRW,281
OMA,MSP,282
MSP,OMA,282
DFW,LBB,282
LBB,DFW,282
BUF,EWR,282
EWR,BUF,282
MDW,CMH,283
CMH,MDW,283
IAD,BUF,283
BWI,BDL,283
BDL,BWI,283
BUF,IAD,283
DTW,CIU,284
CIU,DTW,284
EWR,ORF,284
MSP,GFK,284
EWR,PWM,284
ORF,EWR,284
GFK,MSP,284
PWM,EWR,284
AEX,DFW,285
DFW,AEX,285
SDF,ORD,286.7970479704797
ORD,SDF,286.8022598870057
DTW,GRB,287
GRB,DTW,287
BOI,GEG,287
GEG,BOI,287
ANC,AKN,288
CLE,IAD,288
IAD,ROC,288
AKN,ANC,288
IAD,CLE,288
ROC,IAD,288
BWI,ALB,289
ALB,BWI,289
JFK,ORF,290
ORF,JFK,290
SLC,BOI,290
ORF,CLT,290
CLT,ORF,290
BOI,SLC,290
RAP,JMS,291
RIC,LGA,292
LGA,BUF,292
BUF,LGA,292
LGA,RIC,292
MLU,DFW,293
DFW,MLU,293
LBB,DAL,293
DAL,LBB,293
MIA,GNV,294
GNV,MIA,294
HRL,IAH,295
LCH,DFW,295
IAH,HRL,295
DFW,LCH,295
LGA,ORF,296
DTW,ATW,296
ORD,CMH,296
ROC,DTW,296
DAL,LIT,296
DTW,LEX,296
BUR,SJC,296
SJC,BUR,296
CMH,ORD,296
IAD,SYR,296
SYR,IAD,296
LEX,DTW,296
ORF,LGA,296
LIT,DAL,296
DTW,ROC,296
ATW,DTW,296
MSP,MKE,297
MKE,MSP,297
DCA,SYR,298
HYS,DEN,298
SYR,DCA,298
SLC,COD,298
DEN,HYS,298
COD,SLC,298
IAD,CMH,299
ORD,DSM,299
CMH,IAD,299
DSM,ORD,299
DEN,RAP,300
GNV,ATL,300
ATL,GNV,300
RAP,DEN,300
SCE,DTW,301
LRD,IAH,301
IAH,LRD,301
BUF,JFK,301
DTW,SCE,301
JFK,BUF,301
MOB,ATL,302
HOU,MSY,302
ATL,MOB,302
MSY,HOU,302
ORD,MQT,303
DEN,SAF,303
MQT,ORD,303
SAF,DEN,303
DFW,LIT,304
LEX,ATL,304
LIT,DFW,304
SFO,CEC,304
ATL,LEX,304
CEC,SFO,304
SAN,PHX,304
PHX,SAN,304
LGA,CHO,305
MSY,IAH,305
IAH,MSY,305
CHO,LGA,305
ATL,GSO,306
SDF,DTW,306
DTW,ESC,306
DTW,SDF,306
DSM,MDW,306
ESC,DTW,306
MDW,DSM,306
GSO,ATL,306
MDW,CLE,307
CLE,MDW,307
BRO,IAH,308
CVG,STL,308
IAH,BRO,308
SJC,LAX,308
LAX,SJC,308
STL,CVG,308
MAF,DFW,309
DFW,MAF,309
DCA,CLE,310
CLE,DCA,310
MSN,DTW,311
DTW,MSN,311
DFW,AMA,312
AMA,DFW,312
BMI,DTW,313
DEN,GCC,313
DCA,BDL,313
DTW,BMI,313
BDL,DCA,313
GCC,DEN,313
FAT,SAN,314
CLE,BWI,314
SAN,FAT,314
BWI,CLE,314
COU,ORD,315
ORD,COU,315
CLE,ORD,315.25485436893206
ORD,CLE,315.2585966542751
MFE,IAH,316
IAH,MFE,316
MKE,STL,317
MYR,ATL,317
STL,MKE,317
ATL,MYR,317
MKE,CVG,318
CVG,MKE,318
PIT,EWR,319
EWR,PIT,319
DAL,MAF,319
MAF,DAL,319
FLL,JAX,319
JAX,FLL,319
SLC,CPR,320
CPR,SLC,320
SDF,ATL,321
ATL,SDF,321
CLT,IAD,322
IAD,CLT,322
AMA,DAL,323
CMH,DCA,323
DCA,CMH,323
LEX,ORD,323
DAL,AMA,323
ORD,LEX,323
ALB,IAD,325
OAK,BUR,325
ONT,PHX,325
PHX,ONT,325
IAD,ALB,325
BUR,OAK,325
SFO,BUR,326
IAD,BDL,326
BDL,IAD,326
RIC,CAE,326
BUR,SFO,326
PVD,BWI,327
BWI,PVD,327
DFW,JLN,327
JLN,DFW,327
ICT,DFW,328
BNA,CLT,328
PHX,ABQ,328
JAX,CLT,328
CLT,BNA,328
DFW,ICT,328
CLE,MKE,328
ABQ,PHX,328
CLT,JAX,328
GSP,RIC,328
MKE,CLE,328
DLG,ANC,329
ANC,DLG,329
MFR,SFO,329
SFO,MFR,329
FAY,ATL,331
MSP,LNK,331
CLT,DCA,331
DCA,CLT,331
ATL,FAY,331
LNK,MSP,331
ATL,MEM,332
ELM,DTW,332
DTW,ELM,332
MEM,ATL,332
SJC,ONT,333
DAL,ICT,333
ICT,DAL,333
ONT,SJC,333
ORD,MSP,334
MSP,ORD,334
SDF,CLT,335
CLT,SDF,335
PIT,LGA,335
LGA,PIT,335
CLT,CVG,335
MIA,JAX,335
CVG,CLT,335
JAX,MIA,335
RDU,PHL,337
CMH,BNA,337
LAX,OAK,337
OAK,LAX,337
BNA,CMH,337
BWI,CMH,337
LAX,SFO,337
PHL,RDU,337
SFO,LAX,337
CMH,BWI,337
SNA,PHX,338
PHX,SNA,338
SGF,HYS,339
PIT,JFK,340
JFK,PIT,340
LBB,AUS,341
JAN,ATL,341
ATL,JAN,341
AUS,LBB,341
PIA,MSP,342
MSP,PIA,342
ORD,PAH,342
SNA,SJC,342
SJC,SNA,342
STL,OMA,342
OMA,STL,342
PAH,ORD,342
ORD,CAK,343
CAK,ORD,343
BOI,PDX,344
PDX,BOI,344
LAS,RNO,345
RNO,LAS,345
PIA,DTW,346
DTW,PIA,346
ELP,PHX,347
BZN,SLC,347
CLT,CMH,347
PHX,ELP,347
CMH,CLT,347
SLC,BZN,347
DEN,ABQ,349
MSP,MDW,349
MDW,MSP,349
ABQ,DEN,349
DTW,MQT,349
MQT,DTW,349
ATL,EVV,350
EVV,ATL,350
IAH,JAN,351
EUG,BOI,351
JAN,IAH,351
STL,TUL,351
DFW,LFT,351
LFT,DFW,351
BOI,EUG,351
TUL,STL,351
PHX,DRO,351.83751651254954
DRO,PHX,351.83751651254954
ATL,GPT,352
GPT,ATL,352
DTW,ITH,353
LGB,OAK,353
ITH,DTW,353
OAK,LGB,353
CRP,DFW,354
SFO,LGB,354
LGB,SFO,354
DFW,CRP,354
LGB,PHX,355
PHX,LGB,355
RDU,ATL,356
CRW,MYR,356
ATL,RDU,356
MYR,CRW,356
PVD,DCA,356
DCA,PVD,356
ROA,ATL,357
ATL,ROA,357
SMF,BUR,358
BUR,SMF,358
SLC,BTM,358
BTM,SLC,358
AMA,DEN,359
DEN,AMA,359
CMX,ORD,359.2520547945206
ORD,CMX,359.25240054869687
CLT,BWI,361
BWI,CLT,361
OAK,ONT,362
ONT,OAK,362
PHL,CLE,363
CLE,PHL,363
ATL,CRW,363
DTW,EVV,363
EVV,DTW,363
ONT,SFO,363
SFO,ONT,363
CRW,ATL,363
DFW,SGF,364
SGF,DFW,364
TUS,LAS,365
LAS,TUS,365
ATL,DAB,366
DAB,ATL,366
PIT,CLT,366
CLT,PIT,366
LAS,SLC,368
TUS,SAN,368
DAY,IAD,368
SAN,TUS,368
IAD,DAY,368
SLC,LAS,368
BOS,BWI,369
BUR,PHX,369
BWI,BOS,369
PHX,BUR,369
LAX,PHX,370
PHX,LAX,370
MDT,DTW,371
DTW,MDT,371
OAK,SNA,371
SNA,OAK,371
SNA,SFO,372
PVD,IAD,372
IAD,PVD,372
SFO,SNA,372
MLI,DTW,373
RDU,TTN,373
ATL,CVG,373
CVG,ATL,373
SMF,LAX,373
LAX,SMF,373
DTW,MLI,373
TTN,RDU,373
MSN,CVG,373
CVG,MSN,373
IAH,LIT,374
SYR,DTW,374
DTW,SYR,374
LIT,IAH,374
BMI,MSP,375
MSP,BMI,375
TVC,MSP,376
IAH,GPT,376
MSP,TVC,376
GPT,IAH,376
ATL,ILM,377
MHT,BWI,377
ILM,ATL,377
BWI,MHT,377
DTW,BGM,378
LGA,BGR,378
BGR,LGA,378
BGM,DTW,378
EWR,CAK,382
CAK,EWR,382
GRR,STL,382
STL,GRR,382
IAD,DTW,383
BTR,DFW,383
DTW,IAD,383
DFW,BTR,383
IAD,GSP,384
GSP,IAD,384
BNA,MOB,385
LFT,BHM,385
BIS,MSP,386
SJC,LAS,386
LAS,SJC,386
MSP,BIS,386
SMF,LGB,387
SLC,BIL,387
BIL,SLC,387
LGB,SMF,387
IAD,CVG,388
CVG,IAD,388
SEA,MSO,389
MSO,SEA,389
RDU,CVG,390
CVG,RDU,390
SMF,ONT,390
ONT,SMF,390
RNO,LAX,391
BNA,PNS,391
DEN,COD,391
LAX,RNO,391
COD,DEN,391
PNS,BNA,391
SLC,DEN,391
DEN,SLC,391
BGR,EWR,393
MCI,MSP,393
MSP,MCI,393
STC,ORD,394
ORD,STC,394
BNA,MDW,395
MDW,BNA,395
IAH,OKC,395
BOS,BUF,395
OKC,IAH,395
BUF,BOS,395
DCA,GSP,396
LRD,DFW,396
DFW,LRD,396
GSP,DCA,396
CAK,LGA,397
SMF,LAS,397
DLH,ORD,397
ORD,DLH,397
LGA,CAK,397
LAS,SMF,397
ERI,ORD,398
ORD,ERI,398
BOS,DCA,399
DCA,BOS,399
MYR,BWI,399
BET,ANC,399
SEA,BOI,399
BOI,SEA,399
ATL,OAJ,399
OAJ,ATL,399
DTW,AVP,399
BWI,MYR,399
AVP,DTW,399
ANC,BET,399
CAE,IAD,401
ECP,BNA,401
BNA,ECP,401
IAD,CAE,401
MIA,TLH,402
PIT,MDW,402
SLC,HLN,402
HLN,SLC,402
MDW,PIT,402
TLH,MIA,402
CVG,MEM,403
MCI,ORD,403
MEM,CVG,403
ORD,MCI,403
SNA,SMF,404
EWR,CLE,404
ATL,MCO,404
CLE,EWR,404
MCO,ATL,404
SMF,SNA,404
DFW,GCK,404
GCK,DFW,404
ACK,DCA,405
DCA,DTW,405
DTW,DCA,405
MDW,MCI,405
DCA,ACK,405
MCI,MDW,405
TPA,ATL,406
BWI,DAY,406
DEN,JAC,406
ATL,TPA,406
JAC,DEN,406
DAY,BWI,406
LAS,OAK,407
OAK,LAS,407
JAN,DFW,408
MSP,GRR,408
DFW,JAN,408
GRR,MSP,408
DTW,BWI,409
CMH,STL,409
BNA,ORD,409
ORD,BNA,409
BWI,DTW,409
STL,CMH,409
GCC,SLC,410
SLC,GCC,410
COS,SLC,411
CVG,DCA,411
SLC,COS,411
MSP,SBN,411
SBN,MSP,411
DCA,CVG,411
SFO,OTH,412
OTH,SFO,412
CLT,MDT,413
IAD,BOS,413
BOS,IAD,413
CVG,RIC,413
RIC,CVG,413
MDT,CLT,413
ORD,PIT,413
PIT,ORD,413
LEX,DCA,414
SFO,LAS,414
LAS,SFO,414
DCA,LEX,414
OMA,ORD,416
CLT,DAB,416
DAB,CLT,416
CLE,RDU,416
ORD,CRW,416
CRW,ORD,416
ORD,OMA,416
EWR,RDU,416
RDU,CLE,416
RDU,EWR,416
SJC,SAN,417
SAN,SJC,417
MTJ,PHX,419
HOU,OKC,419
CLE,LGA,419
IAD,TYS,419
TYS,IAD,419
PHX,MTJ,419
LGA,CLE,419
OKC,HOU,419
DEN,ICT,420
ICT,DEN,420
PSP,SFO,421
SFO,PSP,421
SLC,RNO,422
RNO,SLC,422
DEN,LNK,423
DAL,MEM,423
MDW,OMA,423
LNK,DEN,423
OMA,MDW,423
MEM,DAL,423
MSY,ATL,425
PHX,BFL,425
DTW,ABE,425
BFL,PHX,425
ATL,MSY,425
CLE,JFK,425
JFK,CLE,425
ABE,DTW,425
AZO,MSP,426
MSP,AZO,426
GSP,BWI,426
BWI,GSP,426
TUL,AUS,426
CLT,IND,427
RDU,JFK,427
IAH,MOB,427
MOB,IAH,427
IND,CLT,427
JFK,RDU,427
IAH,TUL,429
TUL,IAH,429
IAH,MAF,429
MAF,IAH,429
BWI,CVG,430
DTW,CID,430
CLT,CLE,430
CID,DTW,430
CLE,CLT,430
CVG,BWI,430
LGA,RDU,431
RDU,LGA,431
DFW,MHK,431
MHK,DFW,431
MEM,DFW,431.2162447257384
DFW,MEM,431.2164730728617
DAY,ATL,432
IND,ATL,432
ATL,DAY,432
ATL,IND,432
ATL,EWN,433
EWN,ATL,433
ROW,DFW,435
DFW,ROW,435
MCI,MKE,436
MSO,SLC,436
MKE,MCI,436
DAL,MSY,436
ORD,SUX,436
SLC,MSO,436
MSY,DAL,436
SUX,ORD,436
GJT,PHX,438
PHX,GJT,438
ORD,SGF,438
XNA,IAH,438
IAH,XNA,438
SGF,ORD,438
CHS,BNA,439
BNA,CHS,439
DTW,STL,440
STL,DTW,440
IAD,BTV,441
HOU,MAF,441
CHS,IAD,441
BTV,IAD,441
IAD,CHS,441
MAF,HOU,441
BNA,RDU,442
RDU,BNA,442
MLB,ATL,442
ATL,MLB,442
TYS,DTW,443
DTW,TYS,443
ATL,SRQ,444
DCA,CHS,444
AUS,MSY,444
CHS,DCA,444
MSY,AUS,444
SRQ,ATL,444
GSO,EWR,445
EWR,GSO,445
OAK,SAN,446
SAN,OAK,446
DFW,MSY,447
SAN,SFO,447
ATL,CMH,447
MSY,DFW,447
SFO,SAN,447
CMH,ATL,447
BNA,CLE,448
BTR,ATL,448
STL,MSP,448
MLU,ATL,448
MSP,STL,448
ATL,MLU,448
CLE,BNA,448
ATL,BTR,448
MSP,MOT,449
MOT,MSP,449
CLT,PHL,449
PHL,CLT,449
EUG,SFO,451
IAD,SDF,451
SFO,EUG,451
IND,MCI,451
MCI,IND,451
LAX,TUS,451
TUS,LAX,451
SDF,IAD,451
BWI,PWM,452
FNT,BWI,452
PWM,BWI,452
BWI,FNT,452
DTW,PHL,453
TUL,HOU,453
HOU,TUL,453
LIT,ATL,453
PHL,DTW,453
ATL,LIT,453
MSP,LAN,455
PHX,SBA,455
DEN,BIL,455
SBA,PHX,455
LAN,MSP,455
BIL,DEN,455
LBB,DEN,456
DEN,LBB,456
DTW,BNA,456
RIC,DTW,456
LBE,MYR,456
MYR,LBE,456
BNA,DTW,456
DTW,RIC,456
CHO,ATL,457
ATL,CHO,457
LBB,IAH,458
IAH,LBB,458
IDA,DEN,458
DEN,IDA,458
BHM,TPA,459
LBE,ORD,459
ORD,LBE,459
TPA,BHM,459
MCI,DAL,460
GSO,DTW,460
MCI,DFW,460
DFW,MCI,460
DTW,GSO,460
DAL,MCI,460
LGA,GSO,461
GSO,LGA,461
SLC,LWS,461
LWS,SLC,461
OKC,STL,462
STL,OKC,462
BNA,PIT,462
SFO,RDM,462
PIT,BNA,462
FSD,ORD,462
RDM,SFO,462
PIB,DFW,462
ORD,FSD,462
EWR,CMH,463
SLC,GTF,463
CMH,EWR,463
MBS,MSP,463
MSP,MBS,463
GTF,SLC,463
DTW,TTN,464
TTN,DTW,464
ACY,MYR,466
ORD,LNK,466
LNK,ORD,466
MYR,ACY,466
CLT,MCO,468
MCO,CLT,468
MDW,BUF,468
MEM,IAH,468
IAH,MEM,468
BUF,MDW,468
MFE,DFW,469
DFW,MFE,469
CHS,FLL,470
FLL,CHS,470
MSY,BNA,471
BNA,MSY,471
DEN,OMA,472
BWI,CHS,472
OMA,DEN,472
CHS,BWI,472
PHL,MYR,473
MYR,PHL,473
ORD,BUF,473.29543419874665
BUF,ORD,473.3005319148936
RIC,BOS,474
SDF,DCA,474
LBB,HOU,474
HOU,LBB,474
DCA,SDF,474
BOS,RIC,474
ORD,TYS,475
TYS,ORD,475
IND,IAD,476
BDL,CLE,476
IAD,IND,476
CLE,BDL,476
RST,DTW,477
DTW,RST,477
SMF,PDX,479
BHM,MCO,479
LGA,CMH,479
DTW,SWF,479
PDX,SMF,479
CMH,LGA,479
MCO,BHM,479
SWF,DTW,479
MDW,MEM,480
MEM,MDW,480
SAN,SMF,480
SMF,SAN,480
DIK,MSP,481
RIC,ATL,481
MSP,DIK,481
ATL,RIC,481
BRO,DFW,482
PWM,DCA,482
DFW,BRO,482
FSD,LAR,482
DCA,PWM,482
CMH,JFK,483
DEN,FSD,483
FSD,DEN,483
JFK,CMH,483
JAX,BNA,483
BNA,JAX,483
TTN,CLT,484
MEM,HOU,484
HOU,MEM,484
ATL,STL,484
CLT,TTN,484
STL,ATL,484
MEI,DFW,485
DFW,MEI,485
LAS,ABQ,486
ABQ,LAS,486
STL,CLE,487
CLE,STL,487
SAN,RNO,488
MSY,TPA,488
DTW,EWR,488
EWR,DTW,488
MSP,FWA,488
DEN,DIK,488
PNS,HOU,488
RNO,SAN,488
DIK,DEN,488
HOU,PNS,488
TPA,MSY,488
FWA,MSP,488
MIA,CHS,489
DTW,ALB,489
IND,RDU,489
ALB,DTW,489
CHS,MIA,489
RAP,MSP,489
COU,DFW,489
RDU,IND,489
DFW,COU,489
PNS,IAH,489
MSP,RAP,489
IAH,PNS,489
MEM,ORD,491
MSP,FNT,491
FNT,MSP,491
BNA,MCI,491
ORD,MEM,491
MCI,BNA,491
SLC,ABQ,493
ABQ,SLC,493
FAT,PHX,493
PHX,FAT,493
MSY,SAT,494
SAT,MSY,494
BWI,SDF,495
SDF,BWI,495
DEN,OKC,495
OKC,DEN,495
PIT,BOS,496
BOS,PIT,496
ELP,SAT,496
SAT,ELP,496
DTW,ACY,497
ACY,DTW,497
ATL,AEX,500
CLT,DTW,500
LGA,ILM,500
ILM,LGA,500
DTW,CLT,500
GPT,DFW,500
DCA,IND,500
DFW,GPT,500
AEX,ATL,500
IND,DCA,500
ORD,MHK,501
ORD,CHA,501
FAT,SLC,501
CHA,ORD,501
IAD,GRR,501
SLC,FAT,501
IAH,HOB,501
RDU,DTW,501
HOB,IAH,501
DTW,RDU,501
MHK,ORD,501
LGA,DTW,502
DTW,LGA,502
IND,MSP,503
LFT,ATL,503
BRW,FAI,503
ATL,LFT,503
MSP,IND,503
CHA,DTW,505
DTW,HPN,505
DTW,CHA,505
HPN,DTW,505
SLC,PHX,507
CLT,TPA,507
PHX,SLC,507
TPA,CLT,507
RAP,SLC,508
SLC,RAP,508
PHF,ATL,508
GSP,DTW,508
DTW,GSP,508
ATL,FWA,508
ATL,PHF,508
FWA,ATL,508
SBP,PHX,509
PHX,SBP,509
DTW,JFK,509
JFK,DTW,509
HSV,ORD,510
ORD,HSV,510
MEM,CLT,511
CLT,MEM,511
OAK,BOI,511.75138888888887
BOI,OAK,511.75173370319004
RSW,ATL,515
IAD,SAV,515
ATL,RSW,515
SAV,IAD,515
BIS,DEN,516
BWI,IND,516
ORF,ATL,516
ATL,ORF,516
IND,BWI,516
DEN,BIS,516
SGU,DEN,517
DEN,SGU,517
IAH,AMA,517
AMA,IAH,517
LAS,BOI,519
BOI,LAS,519
PSC,SLC,521
SLC,PSC,521
SFO,BOI,522
ORD,XNA,522
XNA,ORD,522
BOI,SFO,522
ROC,MDW,523
MDW,ROC,523
BZN,DEN,524
DEN,BZN,524
SLC,RDM,525
RDM,SLC,525
ATL,PIT,526
PIT,ATL,526
AUS,ELP,528
CAK,ATL,528
BWI,GRR,528
MSP,DTW,528
ATL,CAK,528
ELP,AUS,528
DTW,MSP,528
VPS,IAH,528
GRR,BWI,528
SCE,ORD,528
IAH,VPS,528
ORD,SCE,528
ROC,ORD,528
ORD,ROC,528
ORF,DTW,529
MYR,FLL,529
CLT,EWR,529
DTW,ORF,529
EWR,CLT,529
FLL,MYR,529
PNS,MIA,530
MIA,PNS,530
ORD,ROA,531
ROA,ORD,531
FCA,SLC,531
SLC,FCA,531
BDL,RDU,532
SLC,SMF,532
TTN,CVG,532
CVG,TTN,532
SMF,SLC,532
RDU,BDL,532
MCI,DEN,533
EWR,DAY,533
BMI,ATL,533
ATL,BMI,533
DAY,EWR,533
DEN,MCI,533
DSM,DTW,533.7830687830688
DTW,DSM,533.8153153153153
IAD,ATL,534
MCO,RDU,534
RDU,MCO,534
ATL,IAD,534
MCI,DLH,536
AVL,ORD,536
ORD,AVL,536
DTW,BTV,537
BTV,DTW,537
MCI,CVG,539
ANC,OME,539
MOB,DFW,539
OME,ANC,539
DFW,MOB,539
CVG,MCI,539
TUL,DEN,541
SLC,PSP,541
JFK,CLT,541
CLT,JFK,541
DEN,TUL,541
PSP,SLC,541
ICT,IAH,542
BNA,IAD,542
GRK,MEI,542
IAD,BNA,542
IAH,ICT,542
SEA,BZN,543
OAK,PDX,543
PDX,OAK,543
BZN,SEA,543
MDW,LIT,544
LIT,MDW,544
LGA,CLT,544
CLT,LGA,544
PBI,ATL,545
MSP,ICT,545
ATL,PBI,545
ICT,MSP,545
MSP,ISN,546
ISN,MSP,546
DAL,STL,546
GEG,SLC,546
BUF,CLT,546
SLC,GEG,546
CLT,BUF,546
STL,DAL,546
DCA,ATL,547
ATL,DCA,547
ANC,OTZ,548
OTZ,ANC,548
LGA,DAY,549
BDL,DTW,549
DAY,LGA,549
BOS,CAK,549
CAK,BOS,549
DTW,BDL,549
PDX,SFO,550
EWR,MYR,550
DFW,STL,550
PHL,CHS,550
MYR,EWR,550
SFO,PDX,550
CHS,PHL,550
STL,DFW,550
SHV,ATL,551
DFW,SAF,551
ELP,DFW,551
ATL,SHV,551
MSY,MCO,551
MCO,MSY,551
DFW,ELP,551
SAF,DFW,551
ORD,LIT,552
LIT,ORD,552
BZN,PDX,554
CLE,ATL,554
DTW,HSV,554
PDX,BZN,554
ATL,CLE,554
HSV,DTW,554
CLE,MYR,557
MYR,CLE,557
ORD,FAR,557
SUN,DEN,557
FAR,ORD,557
DEN,SUN,557
ONT,SLC,558
SLC,ONT,558
MEM,AUS,559
AUS,MEM,559
DFW,GRI,561
GRI,DFW,561
MDW,GSP,562
ELP,DAL,562
XNA,CVG,562
IAH,BHM,562
CVG,XNA,562
DAL,ELP,562
GSP,MDW,562
BHM,IAH,562
DCA,BNA,562
BNA,DCA,562
MAF,DEN,563
SGF,ATL,563
CLE,BOS,563
MYR,LGA,563
DEN,MAF,563
BOS,CLE,563
DEN,ELP,563
LGA,MYR,563
ATL,SGF,563
ELP,DEN,563
PIA,ATL,565
ATL,PIA,565
ELM,ORD,566
ORD,ELM,566
ATL,SBN,566
SBN,ATL,566
ORD,CHO,566.7162162162163
CHO,ORD,566.7162162162163
SJC,PDX,569
CVG,EWR,569
RST,CLE,569
PDX,SJC,569
EWR,CVG,569
DFW,ABQ,569
ABQ,DFW,569
MDW,BHM,570
BHM,HOU,570
HOU,BHM,570
BHM,MDW,570
ANC,JNU,571
HOU,ECP,571
ECP,HOU,571
JNU,ANC,571
IAH,ECP,572
ECP,IAH,572
CLT,ROC,573
DEN,JMS,573
ROC,CLT,573
JMS,DEN,573
MSP,DAY,574
SLC,BUR,574
DAY,MSP,574
BUR,SLC,574
CLT,STL,575
STL,CLT,575
SLC,MFR,575
MFR,SLC,575
DEN,ISN,576
ISN,DEN,576
JAN,PIA,576
IAD,MDW,577
BWI,ATL,577
MDW,IAD,577
ATL,BWI,577
GSP,ORD,577.692225772098
ORD,GSP,577.6962962962963
FSM,ATL,579
ATL,FSM,579
DAL,ABQ,580
ABQ,DAL,580
FLL,ATL,581
ATL,FLL,581
ELP,LAS,583
EWR,AVL,583
DFW,OMA,583
TUL,MDW,583
MDW,TUL,583
LAS,ELP,583
AVL,EWR,583
OMA,DFW,583
ORD,BHM,584
MDW,CLT,584
CLT,MDW,584
SJC,SLC,584
SLC,SJC,584
BHM,ORD,584
LGA,CVG,585
ORD,TUL,585
CVG,LGA,585
OMA,DAL,585
DAL,OMA,585
TUL,ORD,585
BNA,BWI,587
BHM,DAL,587
SUN,SFO,587
DAL,BHM,587
RDU,TPA,587
TPA,RDU,587
SFO,SUN,587
BWI,BNA,587
PHL,IND,588
LGB,SLC,588
SLC,OAK,588
OAK,SLC,588
ICT,ORD,588
SLC,LGB,588
SLC,SNA,588
SNA,SLC,588
ORD,ICT,588
IND,PHL,588
ORD,IAD,588.7860861334595
IAD,ORD,588.7979957805907
GSO,ORD,589
CVG,JFK,589
ICT,MDW,589
XNA,ATL,589
ATL,XNA,589
DEN,DSM,589
JFK,CVG,589
DSM,DEN,589
MDW,ICT,589
ORD,GSO,589
CLT,PBI,590
SLC,LAX,590
LAX,SLC,590
PBI,CLT,590
MDW,ATL,591
ATL,MDW,591
CHS,ABE,592
COS,DFW,592
DFW,COS,592
MIA,ATL,594
DEN,HLN,594
ATL,MIA,594
ATL,DTW,594
DTW,ATL,594
GSP,EWR,594
EWR,GSP,594
ORD,MDT,594
MDT,ORD,594
HLN,DEN,594
CHS,CLE,595
CLE,CHS,595
HSV,IAH,595
IAH,HSV,595
HSV,IAD,596
XNA,MSP,596
AZO,ATL,596
MSP,CVG,596
IAD,HSV,596
MSP,XNA,596
ATL,AZO,596
CVG,MSP,596
DFW,BHM,597
BHM,DFW,597
MRY,PHX,598
PHX,MRY,598
ORD,CLT,599
CLT,ORD,599
SFO,SLC,599
SLC,SFO,599
RSW,CLT,600
CLT,RSW,600
PHX,RNO,601
RNO,PHX,601
TUS,SLC,601
DCA,MDW,601
MDW,DCA,601
SLC,TUS,601
PHX,DEN,602
DEN,PHX,602
CLT,SYR,603
SYR,CLT,603
DFW,HSV,603
HSV,DFW,603
DFW,PNS,604
LEX,LGA,604
LGA,LEX,604
MSY,STL,604
PNS,DFW,604
MSP,SDF,604
SDF,MSP,604
MOT,DEN,604
STL,MSY,604
DEN,MOT,604
GRR,EWR,605
SEA,SMF,605
EWR,GRR,605
SMF,SEA,605
ATL,ORD,606
ORD,ATL,606
SYR,ORD,607
ORD,SYR,607
GSP,LGA,610
DTW,MHT,610
MHT,DTW,610
TTN,IND,610
DTW,MEM,610
LGA,GSP,610
MEM,DTW,610
IND,TTN,610
BWI,MDW,611
MDW,BWI,611
DCA,ORD,612
ORD,DCA,612
TPA,BNA,612
BOS,RDU,612
BNA,TPA,612
RDU,BOS,612
DCA,HSV,613
HSV,DCA,613
MSP,TUL,615
TUL,MSP,615
ATL,SCE,615
SCE,ATL,615
PVD,DTW,615
DTW,PVD,615
MCO,BNA,616
XNA,DEN,616
DEN,XNA,616
BNA,MCO,616
CAE,LGA,617
LGA,CAE,617
SLC,EUG,618
GRR,LGA,618
EUG,SLC,618
LGA,GRR,618
PSC,SFO,620
ATL,MDT,620
SFO,PSC,620
MDT,ATL,620
SEA,JAC,621
JAC,SEA,621
SJC,PHX,621
PHX,SJC,621
BWI,ORD,622
ORD,BWI,622
CLE,MSP,622
MSP,CLE,622
MGM,DFW,622
DFW,MGM,622
BNA,DAL,623
DAL,BNA,623
DEN,GTF,624
DFW,DSM,624
GTF,DEN,624
DSM,DFW,624
BHM,DTW,625
DTW,BHM,625
FAT,PDX,626
MSP,CMH,626
SLC,SAN,626
CMH,MSP,626
SAN,SLC,626
PDX,FAT,626
FAR,DEN,627
ANC,SCC,627
SCC,ANC,627
DEN,FAR,627
EWR,CHS,628
DEN,LAS,628
LAS,DEN,628
ABQ,SAN,628
SAN,ABQ,628
CHS,EWR,628
DTW,MCI,629
MCI,DTW,629
IAD,JAX,630
SPI,DFW,630
PDX,SLC,630
DFW,SPI,630
SLC,PDX,630
JAX,IAD,630
DFW,BNA,631
LAN,ATL,631
ATL,LAN,631
EWR,TYS,631
TYS,EWR,631
BNA,DFW,631
CLT,FLL,631.7354158825743
FLL,CLT,631.7355154251317
RDU,MDW,632
BOS,DTW,632
ORD,AVP,632
DTW,BOS,632
AVP,ORD,632
MDW,RDU,632
MLI,ATL,633
ATL,MLI,633
STL,ECP,634
MKE,DCA,634
DCA,JAX,634
JAX,DCA,634
ECP,STL,634
DCA,MKE,634
CHS,JFK,636
MYR,DTW,636
DTW,MYR,636
JFK,CHS,636
GSP,MIA,637
DEN,SGF,637
MIA,GSP,637
SGF,DEN,637
EWR,SBN,637
SBN,EWR,637
DVL,DEN,638
TUS,DEN,639
DEN,TUS,639
BOS,CMH,640
ATL,GRR,640
CMH,BOS,640
GRR,ATL,640
DFW,VPS,641
DFW,DEN,641
BWI,MKE,641
MKE,BWI,641
VPS,DFW,641
LGA,CHS,641
DEN,DFW,641
CHS,LGA,641
SDF,EWR,642
EWR,SDF,642
DFW,EVV,642
RIC,ORD,642
EVV,DFW,642
ORD,RIC,642
MCI,IAH,643
IAH,MCI,643
CLT,BDL,644
TVC,EWR,644
BDL,CLT,644
EWR,TVC,644
EWR,IND,645
FNT,ATL,645
IND,EWR,645
ATL,FNT,645
CLT,ALB,646
ATL,EYW,646
ALB,CLT,646
EYW,ATL,646
RDU,ORD,646
ORD,RDU,646
PHX,OAK,646
OAK,PHX,646
SMF,PHX,647
TYS,LGA,647
LGA,TYS,647
PHX,SMF,647
DEN,BOI,649
BOI,DEN,649
CLT,MIA,650
MYR,IAG,650
IAG,MYR,650
MIA,CLT,650
MCI,AUS,650
MSP,LEX,650
LEX,MSP,650
DAL,DEN,651
MSY,CLT,651
DEN,DAL,651
CLT,MSY,651
SFO,PHX,651
DTW,OMA,651
PHX,SFO,651
OMA,DTW,651
ORD,ABE,654.2735849056604
ABE,ORD,654.2739541160594
MCO,ORF,655
TVC,LGA,655
ORF,MCO,655
LGA,TVC,655
TPA,MEM,655
MEM,TPA,655
BNA,IAH,657
IAH,BNA,657
IAD,UST,658
UST,IAD,658
LGA,SDF,659
SDF,LGA,659
LGA,IND,660
IND,LGA,660
CVG,BDL,661
BHM,MIA,661
BDL,CVG,661
MIA,BHM,661
JAX,BWI,663
BWI,JAX,663
SEA,BIL,664
BIL,SEA,664
IND,JFK,665
JFK,IND,665
PHL,ATL,666
MCI,HOU,666
HOU,MCI,666
ATL,PHL,666
MTJ,LAX,666
LAX,MTJ,666
CAE,ORD,666.7411944869832
ORD,CAE,666.7423312883435
MCO,RIC,667
IAH,ELP,667
ELP,IAH,667
DTW,CHS,667
RDU,STL,667
IAH,STL,667
STL,IAH,667
CHS,DTW,667
RIC,MCO,667
STL,RDU,667
PWM,DTW,668
MDW,PHL,668
DTW,PWM,668
PHL,MDW,668
MKE,ATL,669
ATL,MKE,669
HOU,BNA,670
BNA,HOU,670
OAK,SEA,671.778247393632
SEA,OAK,671.7787759685569
DFW,PIA,672
PIA,DFW,672
ECP,DAL,674
ATL,TUL,674
FLL,MSY,674
LAX,BOI,674
DRO,DFW,674
DAL,ECP,674
BOI,LAX,674
MSY,FLL,674
TUL,ATL,674
DFW,DRO,674
PHL,BNA,675
BNA,PHL,675
MIA,MSY,675
MSY,MIA,675
ELP,HOU,677
HOU,ELP,677
ORD,JAN,677
JAN,ORD,677
LAX,ABQ,677
ABQ,LAX,677
ORD,PHL,678
GUC,DFW,678
LGA,AGS,678
PHL,ORD,678
DFW,GUC,678
AGS,LGA,678
SFO,SEA,679
SEA,SFO,679
ATL,ACY,679
DEN,MSO,679
MSO,DEN,679
ACY,ATL,679
KTN,SEA,680
DEN,MSP,680
RDU,FLL,680
FLL,RDU,680
SEA,KTN,680
MSP,DEN,680
BWI,BHM,682
BHM,BWI,682
TTN,MDW,683
ATL,MBS,683
CLT,PVD,683
MDW,TTN,683
MBS,ATL,683
PVD,CLT,683
MCO,MEM,684
MEM,MCO,684
IAD,MSN,684
DFW,CID,685
CID,DFW,685
STL,HOU,687
HOU,STL,687
SEA,SLC,689
ATL,IAH,689
MSY,MCI,689
IAH,ATL,689
SLC,SEA,689
MCI,MSY,689
BMI,DFW,690
DFW,BMI,690
OKC,MDW,691
MDW,OKC,691
DFW,MLI,691
MLI,DFW,691
ATL,ABE,692
ATL,MCI,692
ABE,ATL,692
MCI,ATL,692
CID,DEN,692
DEN,CID,692
DFW,CMI,692.2479338842975
CMI,DFW,692.2479338842975
OKC,ORD,693
ORD,TTN,693
TTN,ORD,693
ORD,OKC,693
ATL,CID,694
MSP,OKC,694
OKC,MSP,694
CID,ATL,694
DFW,CHA,695
MSP,BNA,695
CHA,DFW,695
BNA,MSP,695
IAD,STL,696
HOU,ATL,696
ATL,HOU,696
STL,IAD,696
SEA,SJC,697
SJC,SEA,697
RDU,MIA,700
MEM,MSP,700
MIA,RDU,700
MSP,MEM,700
TTN,MKE,701
ASE,DFW,701
TTN,ATL,701
MKE,TTN,701
DFW,ASE,701
ATL,TTN,701
MDW,ORF,704
ORF,MDW,704
DTW,LIT,705
LIT,DTW,705
SAV,DTW,705
DTW,SAV,705
BNA,TTN,706
TTN,BNA,706
MSN,ATL,707
ATL,MSN,707
CLT,SGF,708
EWR,SAV,708
SGF,CLT,708
SAV,EWR,708
SAF,LAX,710
LAX,SAF,710
GSO,MIA,710
MIA,GSO,710
MDW,EWR,711
EWR,MDW,711
ATL,BUF,712
BUF,ATL,712
ATL,AVP,714
AVP,ATL,714
ELP,LAX,715
LAX,ELP,715
ORD,BIS,716
BIS,ORD,716
ELM,ATL,717
MDW,ALB,717
ORD,ORF,717
TPA,ORF,717
ALB,MDW,717
ORF,ORD,717
ATL,ELM,717
ORF,TPA,717
JFK,SAV,718
MCI,ABQ,718
ABQ,MCI,718
SAV,JFK,718
STL,DCA,719
DCA,STL,719
EWR,ORD,719
ORD,EWR,719
MCO,SDF,719
SDF,MCO,719
ACY,ORD,720
ORD,ACY,720
EGE,DFW,721
DFW,EGE,721
STL,AUS,721
ATL,DAL,721
AUS,STL,721
DAL,ATL,721
LGA,SAV,722
DFW,MTJ,722
SAV,LGA,722
RSW,BNA,722
MTJ,DFW,722
BNA,RSW,722
ALB,ORD,723
OAK,GEG,723
ORD,ALB,723
GEG,OAK,723
ANC,BRW,725
BRW,ANC,725
MDW,LGA,725
MKE,EWR,725
LGA,MDW,725
EWR,MKE,725
LAX,RDM,726
RDM,LAX,726
MSP,PIT,726
PIT,MSP,726
TPA,SDF,727
SDF,TPA,727
CLT,BOS,728
BOS,CLT,728
DFW,ATL,731
ATL,DFW,731
DFW,SDF,733
ORD,LGA,733
SDF,DFW,733
LGA,ORD,733
BUF,MSP,735
PHX,BOI,735
MSP,BUF,735
BOI,PHX,735
LAX,ASE,737
ASE,LAX,737
SFO,JAC,737
DFW,FSD,737
FSD,DFW,737
JAC,SFO,737
STL,BWI,738
LGA,MKE,738
ORD,HPN,738
MYR,BOS,738
BOS,MYR,738
MKE,LGA,738
BWI,STL,738
HPN,ORD,738
JFK,ORD,740
ORD,JFK,740
PHL,JAX,742
IAD,MEM,742
JAX,PHL,742
MEM,IAD,742
ATL,DSM,743
DSM,ATL,743
IAH,ABQ,744
ABQ,IAH,744
MDW,CHS,745
CHS,MDW,745
EWR,ATL,746
ATL,EWR,746
LAX,EGE,748
EUG,LAX,748
LAX,EUG,748
EWR,BNA,748
BNA,EWR,748
SEA,FAT,748
BIL,MSP,748
MSP,BIL,748
EGE,LAX,748
FAT,SEA,748
ATL,ROC,749
SAN,BOI,749
ROC,ATL,749
BOI,SAN,749
BGR,DTW,750
DTW,BGR,750
SFO,TUS,751
TUS,SFO,751
BOS,CVG,752
DEN,MLI,752
FCA,DEN,752
DEN,FCA,752
MLI,DEN,752
CVG,BOS,752
ORD,MYR,753
MYR,ORD,753
IND,DAL,755
DAL,IND,755
AUS,BNA,756
BNA,AUS,756
CVG,MCO,757
MCO,CVG,757
AMA,LAS,758
MCO,IAD,758
IAD,MCO,758
LAS,AMA,758
ABQ,HOU,759
DCA,MCO,759
HOU,ABQ,759
MCO,DCA,759
ATL,JFK,760
JFK,ATL,760
ORD,CHS,760
CHS,ORD,760
DFW,IND,761
IND,DFW,761
OKC,ATL,761
ATL,OKC,761
ATL,LGA,762
LGA,ATL,762
BTV,ORD,763
HDN,LAX,763
LAX,HDN,763
PDX,LAS,763
LAS,PDX,763
ORD,BTV,763
LGA,BNA,764
BNA,LGA,764
ATL,ATW,765
JFK,BNA,765
BNA,JFK,765
ATW,ATL,765
DFW,TLH,767
TLH,DFW,767
ATL,TVC,769
TVC,ATL,769
MSO,SFO,769
DFW,HDN,769
SFO,MSO,769
HDN,DFW,769
STL,DEN,770
DEN,STL,770
DEN,LIT,771
LIT,DEN,771
TYS,IAH,771
IAH,TYS,771
DFW,TYS,771.7471846846847
TYS,DFW,771.7474633596393
TPA,CVG,773
DFW,GJT,773
CVG,TPA,773
ORD,SAV,773
GJT,DFW,773
SAV,ORD,773
ATL,GRB,774
GRB,ATL,774
DEN,AUS,775
LBB,LAS,775
LAS,LBB,775
AUS,DEN,775
DEN,PSP,776
PSP,DEN,776
BDL,MDW,777
MDW,BDL,777
MOB,ORD,778.7484076433121
ORD,MOB,778.7507987220447
RAP,ORD,779
ORD,RAP,779
ATL,HPN,780
DEN,MMH,780
HPN,ATL,780
MMH,DEN,780
TPA,HOU,781
HOU,TPA,781
IAH,OMA,781
MDW,PNS,781
OMA,IAH,781
PNS,MDW,781
ICT,ATL,782
ATL,ICT,782
ORD,BDL,783
BDL,ORD,783
MSP,ROC,783
ROC,MSP,783
PDX,SBA,784
LAX,JAC,784
JAC,LAX,784
SBA,PDX,784
DFW,LEX,785
LEX,DFW,785
STL,SAT,786
SAT,STL,786
MCO,BWI,787
BWI,MCO,787
TPA,IAH,787
MEM,BWI,787
BWI,MEM,787
IAH,TPA,787
IAH,SDF,788
MSP,EGE,788
SDF,IAH,788
EGE,MSP,788
DTW,TUL,789
TUL,DTW,789
MTJ,SFO,791
SFO,MTJ,791
DEN,SHV,792
SHV,DEN,792
BNA,FLL,793
DEN,PIA,793
DAL,MDW,793
MDW,DAL,793
PIA,DEN,793
FLL,BNA,793
ORD,PNS,794
SYR,ATL,794
DEN,SAT,794
ATL,SYR,794
SAT,DEN,794
PNS,ORD,794
MAF,LAS,795
LAS,MAF,795
ECP,BWI,798
BWI,ECP,798
MSN,EWR,799
EWR,MSN,799
TTN,UST,801
TYS,CLL,801
UST,TTN,801
PIA,IAH,802
DFW,ORD,802
IAH,DSM,802
CMH,MCO,802
MCO,CMH,802
ORF,MIA,802
DSM,IAH,802
MIA,ORF,802
ORD,DFW,802
IAH,PIA,802
ASE,MSP,802
MSP,ASE,802
GRK,ATL,803
ATL,GRK,803
DEN,RNO,804
RNO,DEN,804
FLL,RIC,805
RIC,FLL,805
MIA,BNA,806
BNA,MIA,806
GEG,LAS,806
MSY,CMH,806
LAS,GEG,806
BZN,SFO,807
SFO,BZN,807
MCO,DAY,808
DAY,MCO,808
MCI,CLT,808
CLT,MCI,808
COS,IAH,809
IAH,COS,809
MYR,PBG,811
PBG,MYR,811
IAD,TPA,811
TPA,IAD,811
CVG,DFW,812
MSN,LGA,812
DFW,CVG,812
LGA,MSN,812
ATL,AUS,813
DTW,JAX,813
PWM,CLT,813
CLT,PWM,813
JAX,DTW,813
AUS,ATL,813
DFW,TUS,813
TUS,DFW,813
STL,PHL,814
TPA,DCA,814
PHL,STL,814
DCA,TPA,814
DCA,PNS,816
PNS,DCA,816
HOU,JAX,816
JAX,HOU,816
BUR,PDX,817
IAH,JAX,817
JAX,IAH,817
PDX,BUR,817
BOS,IND,818
CHS,BOS,818
BOS,CHS,818
IND,BOS,818
DEN,ONT,819
ONT,DEN,819
EWR,JAX,820
JAX,EWR,820
IAH,AGS,821
MSN,DFW,821
DFW,MSN,821
OMA,ATL,821
ATL,OMA,821
BNA,SAT,822
SAT,BNA,822
MCO,LBE,824
LBE,MCO,824
MDW,MSY,825
RIC,MIA,825
MIA,RIC,825
MSY,MDW,825
DEN,MSN,826
MSN,DEN,826
TPA,DAY,828
JAX,JFK,828
IAH,LEX,828
LEX,IAH,828
JFK,JAX,828
DAY,TPA,828
IND,MCO,829
MCO,IND,829
CMH,TPA,829
TPA,CMH,829
ATL,RST,831
RST,ATL,831
JAX,LGA,833
COS,LAX,833
PHX,OKC,833
LGA,JAX,833
OKC,PHX,833
LAX,COS,833
MCO,PIT,834
DEN,BMI,834
BMI,DEN,834
PIT,MCO,834
LAX,PDX,834
PDX,LAX,834
RAP,DFW,835
DFW,RAP,835
DEN,GEG,836
GEG,DEN,836
IND,TPA,837
IAH,GSP,837
TPA,IND,837
STL,TTN,837
MSY,ORD,837
TTN,STL,837
GSP,IAH,837
ORD,MSY,837
SFO,HDN,838
PDX,ONT,838
MHT,MDW,838
HDN,SFO,838
MDW,MHT,838
ONT,PDX,838
SLC,OMA,840
OMA,SLC,840
MCO,ILG,841
ILG,MCO,841
LNK,ATL,841
ATL,LNK,841
MDW,PVD,842
TPA,BWI,842
BWI,TPA,842
PVD,MDW,842
ORD,MHT,843
SAT,PHX,843
MHT,ORD,843
PHX,SAT,843
IND,IAH,844
DEN,FAT,844
FAT,DEN,844
IAH,IND,844
BFL,DEN,845
GSP,HOU,845
DEN,BFL,845
HOU,GSP,845
DEN,SNA,846
SNA,DEN,846
PDX,LGB,846
LGB,PDX,846
SFO,ASE,848
ASE,SFO,848
MDW,JAX,849
ORD,PVD,849
PVD,ORD,849
HOU,MCO,849
JAX,MDW,849
MCO,HOU,849
DEN,BUR,850
MKE,DAL,850
BUR,DEN,850
DAL,MKE,850
MCO,MDT,851
MDT,MCO,851
IAH,SAV,851
SAV,IAH,851
ACY,MCO,852
MSP,DFW,852
MCO,ACY,852
DEN,PSC,852
PSC,DEN,852
DFW,MSP,852
ATL,ALB,853
RSW,HOU,853
MKE,DFW,853
SAN,DEN,853
DEN,SAN,853
DFW,MKE,853
HOU,RSW,853
ALB,ATL,853
MCO,IAH,854
IAH,MCO,854
PBI,DCA,857
DCA,PBI,857
BDL,ATL,859
SNA,PDX,859
MIA,MEM,859
ATL,BDL,859
PBI,IAD,859
IAD,PBI,859
MEM,MIA,859
DFW,FWA,859
PDX,SNA,859
FWA,DFW,859
MSP,SYR,860
SYR,MSP,860
MKE,BOS,860
BOS,MKE,860
PHL,MCO,861
HOU,IND,861
DAY,DFW,861
SIT,SEA,861
MDW,BOS,861
IND,HOU,861
MCO,PHL,861
RSW,IAH,861
CAK,MCO,861
DFW,DAY,861
BOS,MDW,861
SEA,SIT,861
IAH,RSW,861
MCO,CAK,861
IAH,DEN,862
DEN,IAH,862
DEN,LAX,862
LAX,DEN,862
DFW,GSP,862
GSP,DFW,862
JAX,ORD,864
ORD,JAX,864
BHM,LGA,866
LGA,BHM,866
SLC,FAR,866
OKC,SLC,866
TPA,LBE,866
LBE,TPA,866
FAR,SLC,866
SLC,OKC,866
ORD,BOS,867
SEA,LAS,867
LAS,SEA,867
BOS,ORD,867
PHX,DFW,868
DFW,PHX,868
STL,TPA,869
TPA,STL,869
IAH,CVG,871
CVG,IAH,871
EWR,STL,872
MSP,JAC,872
STL,EWR,872
PHX,AUS,872
DEN,MEM,872
AUS,PHX,872
JAC,MSP,872
MEM,DEN,872
PSP,PDX,873
PIT,TPA,873
PDX,PSP,873
TPA,PIT,873
ATL,SAT,874
MSP,BZN,874
BZN,MSP,874
SAT,ATL,874
CRP,ATL,876
CAE,IAH,878
IAH,CAE,878
PHX,DAL,879
CVG,RSW,879
DAL,PHX,879
RSW,CVG,879
MCO,STL,882
STL,MCO,882
BWI,PBI,883
PBI,BWI,883
DEN,HOU,883
HOU,DEN,883
IAH,GUC,886
GUC,IAH,886
MSP,GTF,887
GTF,MSP,887
ORD,DEN,888
STL,LGA,888
DEN,ORD,888
LGA,STL,888
ABQ,OAK,889
OAK,ABQ,889
SEA,HDN,891
HDN,SEA,891
IAD,RSW,891
RSW,IAD,891
DCA,RSW,892
RSW,DCA,892
TPA,CAK,894
CAK,TPA,894
PWM,MDW,895
MCO,CLE,895
MDW,PWM,895
MDW,DEN,895
CLE,MCO,895
DEN,MDW,895
MKE,DEN,896
MCO,TTN,896
SFO,ABQ,896
DEN,MKE,896
TTN,MCO,896
ABQ,SFO,896
RDM,DEN,898
DEN,RDM,898
FLL,DCA,899
ILG,TPA,899
TPA,ILG,899
DCA,FLL,899
ORD,PWM,900
OKC,DTW,900
PWM,ORD,900
DTW,OKC,900
IAD,FLL,901
SAV,BOS,901
BOS,SAV,901
FLL,IAD,901
BZN,LAX,902
LAX,BZN,902
ATL,PVD,903
PVD,ATL,903
MSY,MKE,903
MKE,MSY,903
ATL,MSP,907
MSP,ATL,907
SEA,SBA,908
IAD,MSP,908
SBA,SEA,908
MSP,IAD,908
DEN,SMF,909
SEA,JNU,909
SMF,DEN,909
JNU,SEA,909
COS,ORD,911
ORD,COS,911
LIT,BWI,912
BWI,LIT,912
IAH,CLT,912
CLT,IAH,912
TPA,ACY,913
IAH,ASE,913
ASE,IAH,913
HLN,MSP,913
MSP,HLN,913
ACY,TPA,913
DEN,SBA,916
SBA,DEN,916
TPA,DAL,917
DAL,TPA,917
JAX,DFW,918
DFW,JAX,918
MIA,DCA,919
DAL,CMH,919
DCA,MIA,919
RSW,BWI,919
CMH,DAL,919
BWI,RSW,919
MCI,SLC,920
HOU,CLT,920
TPA,PHL,920
CLT,HOU,920
PHL,TPA,920
SLC,MCI,920
MIA,IAD,921
IAD,MIA,921
DFW,CAE,922
CAE,DFW,922
FLL,BWI,925
DFW,SAV,925
BWI,FLL,925
ORD,IAH,925
CHS,IAH,925
IAH,ORD,925
SAV,DFW,925
IAH,CHS,925
CMH,DFW,926
MSY,DTW,926
SLC,TUL,926
MCI,IAD,926
DAL,CLT,926
IAD,MCI,926
CLT,DAL,926
TUL,SLC,926
DFW,CMH,926
DTW,MSY,926
TPA,CLE,927
MTJ,IAH,927
CLE,TPA,927
IAH,MTJ,927
AUS,TPA,928
HOU,CHS,928
TPA,AUS,928
CHS,HOU,928
TPA,DFW,929
DFW,TPA,929
RSW,CMH,930
CMH,RSW,930
MSP,CLT,930
CLT,MSP,930
GRR,DFW,931
DCA,MSP,931
MSP,DCA,931
DFW,GRR,931
FLL,CVG,932
BOS,MSN,932
MSN,BOS,932
CVG,FLL,932
PDX,SAN,933
SAN,PDX,933
EGE,IAH,934
IAH,EGE,934
PHX,TUL,935
TUL,PHX,935
BMI,MCO,936
MSP,BWI,936
IAH,TUS,936
ACY,PBI,936
DFW,CLT,936
PBI,ACY,936
TUS,IAH,936
MCO,BMI,936
CLT,DFW,936
BWI,MSP,936
HOU,MDW,937
MDW,HOU,937
MCO,EWR,937
EWR,MCO,937
BUR,SEA,937
SEA,BUR,937
IDA,MSP,939
MSP,IDA,939
BNA,BOS,942
BOS,BNA,942
MCO,JFK,944
JFK,MCO,944
LAX,GEG,945
TUS,HOU,945
IND,RSW,945
HOU,TUS,945
RSW,IND,945
GEG,LAX,945
MEM,EWR,946
EWR,MEM,946
BWI,MIA,946
BOS,ATL,946
MIA,BWI,946
ATL,BOS,946
CRW,DFW,946
DFW,CRW,946
DEN,SJC,948
CVG,MIA,948
MIA,CVG,948
SJC,DEN,948
DCA,MCI,949
MCI,DCA,949
LGA,MCO,950
MCO,LGA,950
PHL,PBI,951
PBI,PHL,951
ATL,MHT,952
PIT,PBI,952
PBI,PIT,952
MHT,ATL,952
SBN,IAH,953
FSD,ATL,954
SEA,LAX,954
LAS,BLI,954
ATL,FSD,954
BLI,LAS,954
LAX,SEA,954
DSM,SLC,955
SLC,DSM,955
TTN,TPA,955
TPA,TTN,955
MSY,IAD,955
IAD,MSY,955
LBE,RSW,956
RSW,LBE,956
ONT,SEA,956
PBI,IAH,956
IAH,PBI,956
SEA,ONT,956
DTW,MCO,957
OAK,DEN,957
FLL,HOU,957
MCO,DTW,957
HOU,FLL,957
DEN,OAK,957
BTV,ATL,961
ATL,BTV,961
MEM,LGA,963
LGA,MEM,963
COS,SFO,964
MFR,DEN,964
SFO,COS,964
DEN,MFR,964
IAH,MIA,964
MIA,IAH,964
LGB,SEA,965
SEA,LGB,965
FLL,IAH,965.740631163708
IAH,FLL,965.7414898865318
RSW,PIT,966
MSN,IAH,966
IAH,MSN,966
PIT,RSW,966
DEN,SFO,967
SFO,DEN,967
BWI,MCI,967
MCI,BWI,967
FAR,DFW,968
DFW,FAR,968
MSY,DCA,969
DCA,MSY,969
RIC,MSP,970
MSP,RIC,970
MCO,ISP,971
ISP,MCO,971
HPN,MCO,972
TPA,SAT,972
SAT,TPA,972
AUS,MDW,972
MDW,AUS,972
MCO,HPN,972
MCO,DAL,973
DAL,MCO,973
FLL,CMH,973
CMH,FLL,973
CRW,IAH,975
IAH,CRW,975
CHS,DAL,977
ACY,FLL,977
IND,DEN,977
DEN,IND,977
BIS,DFW,977
DAL,CHS,977
FLL,ACY,977
DFW,BIS,977
ORD,AUS,977.7322580645161
AUS,ORD,977.748502994012
LFT,DEN,978
DEN,LFT,978
SNA,SEA,978
SEA,SNA,978
GJT,IAH,979
RSW,STL,979
STL,RSW,979
IAH,GJT,979
FLL,LBE,980
ALB,MSP,980
MSP,RDU,980
PHL,MSP,980
MSP,ALB,980
RDU,MSP,980
LBE,FLL,980
MSP,PHL,980
DAL,DTW,981
DTW,DAL,981
ABQ,MSP,981
MSP,ABQ,981
RSW,ACY,982
ACY,RSW,982
BQN,FLL,982.2146892655368
FLL,BQN,982.2191011235955
DTW,TPA,983
TPA,DTW,983
MKE,IAH,984
IAH,MKE,984
BTR,DCA,985
TTN,PBI,985
DFW,MCO,985
IAH,HDN,985
MCO,DFW,985
HDN,IAH,985
PBI,TTN,985
DCA,BTR,985
LAS,OKC,986
LAS,ICT,986
OKC,LAS,986
CMH,IAH,986
DTW,DFW,986
ICT,LAS,986
DFW,DTW,986
IAH,CMH,986
PSP,SEA,987
SEA,PSP,987
CHS,DFW,987
DFW,CHS,987
DFW,SLC,989
SLC,DFW,989
SWF,MCO,989
TTN,MSP,989
MSP,TTN,989
MCO,SWF,989
CMH,MIA,990
MIA,CMH,990
SBN,COS,990
MCO,MDW,990
MDW,MCO,990
MSP,SLC,991
SLC,MSP,991
DEN,PDX,991
PDX,DEN,991
CAK,RSW,991
RSW,CAK,991
FLL,PHL,992
PHL,FLL,992
PHL,RSW,993
RSW,PHL,993
MCO,AUS,994
FLL,PIT,994
PIT,FLL,994
AUS,MCO,994
DEN,EUG,996
EUG,DEN,996
MDW,TPA,997
EWR,TPA,997
TPA,MDW,997
TPA,EWR,997
BWI,MSY,998
MSY,BWI,998
SLC,DAL,999
GSO,DFW,999
DFW,GSO,999
DAL,SLC,999
XNA,SLC,1004
SLC,XNA,1004
IND,FLL,1005
TPA,JFK,1005
ORD,MCO,1005
FLL,IND,1005
MCO,ORD,1005
JFK,TPA,1005
ORD,EGE,1007
EGE,ORD,1007
EWR,MSP,1008
MSP,EWR,1008
PHX,IAH,1009
PDX,PHX,1009
HDN,ORD,1009
PHX,PDX,1009
ORD,HDN,1009
IAH,PHX,1009
TPA,LGA,1010
JAX,BOS,1010
BOS,JAX,1010
LGA,TPA,1010
MCO,FNT,1011
FNT,MCO,1011
MCO,BUF,1011
BUF,MCO,1011
TPA,ORD,1012
ORD,TPA,1012
OMA,DCA,1012
PHL,MIA,1013
MSO,MSP,1013
MIA,PHL,1013
ORD,ASE,1013
MSP,MSO,1013
ASE,ORD,1013
DEN,BNA,1014
BNA,DEN,1014
GRR,DEN,1015
DEN,GRR,1015
DSM,EWR,1017
DFW,RSW,1017
EWR,DSM,1017
RSW,DFW,1017
CHS,OKC,1020
MSP,LGA,1020
GEG,PHX,1020
PHX,GEG,1020
PHX,HOU,1020
HOU,PHX,1020
LGA,MSP,1020
CLE,DFW,1021
DFW,CLE,1021
DTW,SRQ,1022
SRQ,DTW,1022
PBI,EWR,1023
EWR,PBI,1023
DEN,SDF,1024
DEN,SEA,1024
SEA,DEN,1024
GRR,MCO,1024
SDF,DEN,1024
MCO,GRR,1024
RSW,CLE,1025
CLE,RSW,1025
FCA,MSP,1026
TTN,FLL,1026
MSP,FCA,1026
FLL,TTN,1026
PWM,ATL,1027
TUL,IAD,1027
ATL,PWM,1027
IAD,TUL,1027
PBI,JFK,1028
RSW,TTN,1028
TTN,RSW,1028
JFK,PBI,1028
MSP,JFK,1029
JFK,MSP,1029
LGA,DSM,1031
ORD,GUC,1031
GUC,ORD,1031
DSM,LGA,1031
AUS,CLT,1032
CLT,AUS,1032
TPA,HPN,1032
HPN,TPA,1032
MCO,ROC,1033
ROC,MCO,1033
ISP,TPA,1034
SRQ,EWR,1034
TPA,ISP,1034
IAH,MSP,1034
MSP,IAH,1034
EWR,SRQ,1034
LGA,PBI,1035
PBI,LGA,1035
SAT,MDW,1036
FNT,TPA,1036
TPA,FNT,1036
MDW,SAT,1036
OMA,PHX,1037
PHX,OMA,1037
MSP,MSY,1039
MSY,MSP,1039
OTH,DEN,1040
DEN,OTH,1040
JFK,SRQ,1041
SAT,MCO,1041
MCO,SAT,1041
GRR,TPA,1041
ORD,SAT,1041
SRQ,JFK,1041
TPA,GRR,1041
SAT,ORD,1041
AUS,MSP,1042
MSP,AUS,1042
IAH,GRR,1042
RDU,IAH,1042
IAH,RDU,1042
GRR,IAH,1042
MCI,PHX,1044
PHX,MCI,1044
ORF,MSP,1045
MSP,ORF,1045
MIA,SJU,1045
SJU,MIA,1045
SJU,FLL,1046
FLL,SJU,1046
BOS,STL,1047
SWF,TPA,1047
STL,BOS,1047
SRQ,LGA,1047
JAC,DFW,1047
DFW,JAC,1047
LGA,SRQ,1047
DEN,HSV,1048
MCI,TPA,1048
DFW,MYR,1048
TPA,MCI,1048
HSV,DEN,1048
MYR,DFW,1048
ORD,SRQ,1050
BDL,MSP,1050
MCO,BDL,1050
RDU,HOU,1050
SRQ,ORD,1050
HOU,RDU,1050
SEA,SAN,1050
SAN,SEA,1050
BDL,MCO,1050
MSP,BDL,1050
DAL,RDU,1052
PBI,ISP,1052
RDU,DAL,1052
ISP,PBI,1052
BUF,TPA,1053
MCO,SYR,1053
SYR,MCO,1053
TPA,BUF,1053
LAS,DFW,1055
DFW,LAS,1055
PBI,HPN,1056
HPN,PBI,1056
FLL,STL,1056.5857418111752
STL,FLL,1056.5896946564885
RAP,IAH,1058
IAH,RAP,1058
BIL,ORD,1060
DAL,PIT,1060
PIT,DAL,1060
ORD,BIL,1060
DFW,RDU,1061
RDU,DFW,1061
MSY,DEN,1062
FLL,CLE,1062
DEN,MSY,1062
CLE,FLL,1062
EWR,FLL,1065
FLL,EWR,1065
MCO,MKE,1066
MKE,MCO,1066
PIT,DFW,1067
DAL,LAS,1067
LAS,DAL,1067
DFW,PIT,1067
MIA,STL,1068
COS,SEA,1068
RSW,EWR,1068
STL,MIA,1068
SEA,COS,1068
EWR,RSW,1068
SAT,LAS,1069
DEN,CVG,1069
FLL,JFK,1069
LAS,SAT,1069
JFK,FLL,1069
CVG,DEN,1069
MCO,PVD,1072
PVD,MCO,1072
MCO,MCI,1072
MCI,MCO,1072
ALB,MCO,1073
MCO,ALB,1073
JFK,RSW,1074
RSW,JFK,1074
DTW,IAH,1075
MKE,TPA,1075
TPA,MKE,1075
IAH,DTW,1075
LGA,FLL,1076
FLL,LGA,1076
TUL,LAS,1076
LAS,TUL,1076
ORD,COD,1077
SWF,PBI,1077
COD,ORD,1077
TPA,ROC,1079
ROC,TPA,1079
LGA,RSW,1080
MIA,CLE,1080
RSW,LGA,1080
CLE,MIA,1080
ORD,MTJ,1081
MTJ,ORD,1081
DEN,BHM,1083
BHM,DEN,1083
RSW,DTW,1084
DTW,RSW,1084
MIA,EWR,1085
DAY,DEN,1085
DEN,DAY,1085
LIT,LGA,1085
LGA,LIT,1085
EWR,MIA,1085
PBI,DTW,1086
AUS,SLC,1086
DTW,PBI,1086
SLC,AUS,1086
SLC,SAT,1087
SAT,SLC,1087
JFK,MIA,1089
PHL,MSY,1089
MIA,JFK,1089
MSY,PHL,1089
LAS,AUS,1090
AUS,LAS,1090
CLE,IAH,1091
IAH,CLE,1091
MCO,ORH,1091
ORH,MCO,1091
MCI,EWR,1092
FLL,ISP,1092
ISP,FLL,1092
EWR,MCI,1092
SAT,CLT,1095
CLT,SAT,1095
LGA,MIA,1096
MIA,LGA,1096
MSP,SAT,1097
FLL,HPN,1097
HPN,FLL,1097
SAT,MSP,1097
OMA,LAS,1099
LAS,OMA,1099
ORD,GJT,1100
RSW,ISP,1101
ISP,RSW,1101
HPN,RSW,1102
RSW,HPN,1102
PBI,DFW,1102
DFW,PBI,1102
AUS,MIA,1103
MIA,AUS,1103
FLL,AUS,1105
MDW,RSW,1105
AUS,FLL,1105
RSW,MDW,1105
STT,MIA,1107
MIA,STT,1107
MCI,LGA,1107
SEA,PHX,1107
PHX,SEA,1107
FLL,STT,1107
LGA,MCI,1107
STT,FLL,1107
FLL,DAL,1108
DAL,FLL,1108
MCO,MSN,1109
MSN,MCO,1109
PDX,ABQ,1111
ABQ,PDX,1111
BDL,TPA,1111
TPA,BDL,1111
PIT,IAH,1117
IAH,PIT,1117
SWF,FLL,1118
ABQ,ORD,1118
FLL,SWF,1118
ORD,ABQ,1118
TUS,PDX,1119
FLL,DFW,1119
DFW,FLL,1119
PDX,TUS,1119
ORD,RSW,1120
SWF,RSW,1120
RSW,ORD,1120
BOS,MCO,1121
DFW,MIA,1121
MCO,BOS,1121
MDW,ABQ,1121
ABQ,MDW,1121
MIA,DFW,1121
DTW,DEN,1123
DEN,DTW,1123
ATL,FAR,1123
FAR,ATL,1123
BOS,MSP,1124
MSP,BOS,1124
PSP,DFW,1126
DFW,PSP,1126
FLL,DTW,1127
DTW,FLL,1127
PBI,MDW,1128
MDW,PBI,1128
BQN,MCO,1129
SAN,SAT,1129
SAT,SAN,1129
MCO,BQN,1129
ALB,TPA,1130
TPA,ALB,1130
XNA,EWR,1131
EWR,XNA,1131
HOU,PIT,1131
PIT,HOU,1131
PBI,BDL,1133
BDL,PBI,1133
OMA,EWR,1134
EWR,OMA,1134
PVD,TPA,1136
PHX,LIT,1136
TPA,PVD,1136
OKC,IAD,1136
IAD,OKC,1136
LIT,PHX,1136
RSW,FNT,1138
FNT,RSW,1138
MIA,STX,1139
LAS,MCI,1139
MCI,LAS,1139
STX,MIA,1139
MSP,BOI,1142
MCO,MHT,1142
MHT,MCO,1142
BOI,MSP,1142
SAT,MIA,1143
MIA,SAT,1143
BUF,RSW,1144
RSW,BUF,1144
ORD,PBI,1144
PBI,ORD,1144
MIA,DTW,1145
DTW,MIA,1145
XNA,LGA,1147
GRR,RSW,1147
LGA,XNA,1147
RSW,GRR,1147
PVD,PBI,1148
OMA,LGA,1148
PBI,PVD,1148
LGA,OMA,1148
DTW,AUS,1149
AUS,DTW,1149
PHX,DSM,1149.211320754717
DSM,PHX,1149.2121212121212
CMH,DEN,1154
DEN,CMH,1154
MCI,RSW,1155
RSW,MCI,1155
SLC,STL,1156
STL,SLC,1156
IAH,RIC,1157
RIC,IAH,1157
DFW,RIC,1158
RIC,DFW,1158
DEN,TYS,1162
ORD,JAC,1162
TYS,DEN,1162
JAC,ORD,1162
SAN,AUS,1164
AUS,SAN,1164
FLL,BUF,1165.610576923077
BUF,FLL,1165.611821086262
MDW,FLL,1166.7030995106036
FLL,MDW,1166.7059787059786
MSY,EWR,1167
EWR,MSY,1167
TUL,MIA,1168
MIA,TUL,1168
SAN,DFW,1171
DFW,SAN,1171
DFW,IAD,1172
IAD,DFW,1172
BDL,FLL,1173
FLL,BDL,1173
MSP,JAX,1174
MSN,SLC,1174
JAX,MSP,1174
SLC,MSN,1174
GEG,MSP,1175
MSP,GEG,1175
IAG,FLL,1176
FLL,IAG,1176
PSE,MCO,1179
MCO,PSE,1179
BDL,RSW,1180
SEA,ABQ,1180
OKC,BWI,1180
BWI,OKC,1180
ABQ,SEA,1180
RSW,BDL,1180
MSY,JFK,1182
JFK,MSY,1182
SAN,DAL,1182
DAL,SAN,1182
ORD,FLL,1182
FLL,ORD,1182
RSW,MKE,1183
MSY,LGA,1183
LGA,MSY,1183
MKE,RSW,1183
COS,ATL,1184
ATL,COS,1184
DAL,DCA,1184
DCA,DAL,1184
TPA,BOS,1185
BOS,TPA,1185
ORD,BZN,1186
BZN,ORD,1186
OKC,LAX,1187
LAX,OKC,1187
FLL,PVD,1188
PVD,FLL,1188
ONT,DFW,1188
DFW,ONT,1188
SJU,MCO,1189
MCO,SJU,1189
IAD,IAH,1190
IAH,IAD,1190
DFW,DCA,1192
ANC,ADK,1192
ADK,ANC,1192
DCA,DFW,1192
MIA,BDL,1194
BDL,MIA,1194
SLC,IAH,1195
IAH,SLC,1195
MIA,ORD,1197
ORD,MIA,1197
BOS,PBI,1197
PBI,BOS,1197
ATL,DEN,1199
DEN,ATL,1199
PVD,RSW,1200
RSW,PVD,1200
CLE,DEN,1201
DEN,CLE,1201
IAH,ORF,1201
ORF,IAH,1201
ICT,LAX,1203
LAX,ICT,1203
MHT,TPA,1204
ALB,FLL,1204
FLL,ALB,1204
TPA,MHT,1204
ALB,RSW,1205
SNA,DFW,1205
DFW,SNA,1205
RSW,ALB,1205
LGA,EYW,1207
EYW,LGA,1207
IAH,DCA,1208
DCA,IAH,1208
DAL,BWI,1209
BWI,DAL,1209
AUS,SNA,1209
SNA,AUS,1209
SAT,LAX,1211
ORH,FLL,1211
MCO,OMA,1211
LAX,SAT,1211
FLL,ORH,1211
OMA,MCO,1211
DFW,ORF,1212
ORF,DFW,1212
MCO,PWM,1214
HOU,SLC,1214
DTW,SAT,1214
PWM,MCO,1214
SLC,HOU,1214
SAT,DTW,1214
TUL,EWR,1215
EWR,TUL,1215
LAS,DSM,1216
SEA,TUS,1216
SNA,DAL,1216
DSM,LAS,1216
TUS,SEA,1216
DAL,SNA,1216
DFW,BWI,1217
BWI,DFW,1217
DCA,HOU,1218
OKC,FLL,1218
HOU,DCA,1218
SRQ,BOS,1220
BOS,SRQ,1220
IAH,LAS,1222
OKC,MIA,1222
LAS,IAH,1222
MIA,OKC,1222
DEN,CAK,1224
CAK,DEN,1224
LGB,AUS,1226
AUS,LGB,1226
ATL,RAP,1230
RAP,ATL,1230
LAX,DFW,1235
IAH,BWI,1235
BWI,IAH,1235
HOU,LAS,1235
LAS,HOU,1235
DFW,LAX,1235
ORD,ELP,1236
ELP,ORD,1236
SJU,TPA,1237
BOS,FLL,1237
FLL,BOS,1237
TPA,SJU,1237
FLL,MCI,1242
MCI,FLL,1242
AUS,LAX,1242
LAX,AUS,1242
MKE,FLL,1243
FLL,MKE,1243
BWI,HOU,1246
LAX,DAL,1246
DAL,LAX,1246
HOU,BWI,1246
BOS,RSW,1249
RSW,BOS,1249
SLC,ORD,1250
ORD,SLC,1250
MIA,MCI,1251
MCI,MIA,1251
MSP,PSC,1254
PSC,MSP,1254
BOS,MCI,1256
MCI,BOS,1256
MIA,BOS,1258
BOS,MIA,1258
SLC,MDW,1259
MDW,SLC,1259
STL,PHX,1262
FLL,MHT,1262
MHT,FLL,1262
MEM,SLC,1262
SLC,MEM,1262
PHX,STL,1262
IAH,JAC,1265
JAC,IAH,1265
ATL,ABQ,1269
PSP,IAH,1269
ABQ,ATL,1269
IAH,PSP,1269
PHX,MSP,1276
MSP,PHX,1276
ELP,ATL,1282
ATL,ELP,1282
DEN,PIT,1290
PIT,DEN,1290
LAS,LIT,1294
LIT,LAS,1294
DAL,PHL,1295
PHL,DAL,1295
AUS,IAD,1297
IAD,AUS,1297
MSP,TUS,1298
TUS,MSP,1298
LAS,MSP,1299
MSP,LAS,1299
PHX,MSY,1300
MSY,PHX,1300
IAH,SAN,1303
PHL,DFW,1303
SAN,IAH,1303
DFW,PHL,1303
ATL,ASE,1304
ASE,ATL,1304
MSP,TPA,1306
TPA,MSP,1306
MCO,MSP,1310
MSP,MCO,1310
EGE,ATL,1312
ATL,EGE,1312
DFW,FAT,1313
FAT,DFW,1313
SAN,HOU,1313
HOU,SAN,1313
DCA,AUS,1315
AUS,DCA,1315
PHL,IAH,1325
EWR,OKC,1325
IAH,PHL,1325
OKC,EWR,1325
IAH,ISN,1330
OMA,LAX,1330
LAX,OMA,1330
ISN,IAH,1330
MSO,ORD,1332
ONT,IAH,1334
MCI,SAN,1334
FLL,PBG,1334
IAH,ONT,1334
PBG,FLL,1334
SAN,MCI,1334
DEN,CLT,1337
CLT,DEN,1337
ATL,HDN,1340
HDN,ATL,1340
BWI,AUS,1342
MCI,SNA,1342
AUS,BWI,1342
SNA,MCI,1342
RNO,DFW,1345
DFW,RNO,1345
SNA,IAH,1346
IAH,SNA,1346
FCA,ORD,1352
ATL,MTJ,1352
MTJ,ATL,1352
ORD,FCA,1352
SLC,IND,1355
IND,SLC,1355
HOU,SNA,1357
SNA,HOU,1357
IAD,SAT,1362
SAT,IAD,1362
MCI,LAX,1363
LAX,MCI,1363
MSY,BOS,1368
OMA,SEA,1368
BOS,MSY,1368
SEA,OMA,1368
OMA,PDX,1369
DEN,GSO,1370
GSO,DEN,1370
LAS,STL,1371
STL,LAS,1371
DFW,EWR,1372
EWR,DFW,1372
LAX,IAH,1379
IAH,LAX,1379
LGA,DAL,1381
DAL,LGA,1381
SFO,OKC,1384
OKC,SFO,1384
IAH,BZN,1385
BZN,IAH,1385
LGA,DFW,1389
DFW,LGA,1389
HOU,LAX,1390
LAX,HOU,1390
DFW,JFK,1391
ATL,GJT,1391
JFK,DFW,1391
SEA,MSP,1399
MSP,SEA,1399
EWR,IAH,1400
IAH,EWR,1400
SLC,BNA,1404
BNA,SLC,1404
MSP,RNO,1405
RNO,MSP,1405
SAT,BWI,1407
BWI,SAT,1407
EWR,HOU,1411
HOU,EWR,1411
LAS,MEM,1416
LGA,IAH,1416
MEM,LAS,1416
IAH,LGA,1416
RSW,MSP,1416
MSP,RSW,1416
MSP,PDX,1426
PDX,MSP,1426
SLC,MSY,1428
IAH,BFL,1428
MSY,SLC,1428
HOU,JFK,1428
BFL,IAH,1428
HOU,LGA,1428
LGA,HOU,1428
JFK,HOU,1428
PHL,AUS,1430
AUS,PHL,1430
SMF,DFW,1431
DFW,SMF,1431
SFO,OMA,1433
OMA,SFO,1433
RDU,DEN,1436
DEN,RDU,1436
BOI,ORD,1437
TUS,ORD,1437
ORD,BOI,1437
ORD,TUS,1437
SJC,DFW,1438
DFW,SJC,1438
PHX,ORD,1440
ORD,PHX,1440
TUS,MDW,1440
MDW,TUS,1440
DAL,SMF,1442
SMF,DAL,1442
MDW,PHX,1444
PHX,MDW,1444
JAX,DEN,1447
DEN,JAX,1447
SEA,ANC,1448
BOI,MDW,1448
MDW,BOI,1448
ANC,SEA,1448
PHX,BNA,1449
ABQ,CLT,1449
BNA,PHX,1449
CLT,ABQ,1449
SLC,CVG,1450
DAL,SJC,1450
SJC,DAL,1450
CVG,SLC,1450
IAD,DEN,1452
DEN,IAD,1452
PSP,MSP,1454
MSP,PSP,1454
OAK,DFW,1457
DFW,OAK,1457
PHX,MKE,1460
MKE,PHX,1460
SFO,DFW,1464
DFW,SFO,1464
DAL,OAK,1468
OAK,DAL,1468
DFW,BDL,1471
BDL,DFW,1471
DEN,MDT,1474
MDT,DEN,1474
CLT,SJU,1475
SJU,CLT,1475
SFO,DAL,1476
AUS,SJC,1476
DAL,SFO,1476
DCA,DEN,1476
DEN,DCA,1476
SJC,AUS,1476
DTW,SLC,1481
SLC,DTW,1481
MCI,PDX,1482
PDX,MCI,1482
IAH,BOI,1482
SFO,SAT,1482
SAT,SFO,1482
BOI,IAH,1482
FLL,MSP,1487
MSP,FLL,1487
PHX,IND,1488
IND,PHX,1488
MCI,OAK,1489
MCI,SEA,1489
SEA,MCI,1489
OAK,MCI,1489
BWI,DEN,1491
DEN,BWI,1491
SAT,PHL,1496
PHL,SAT,1496
AUS,OAK,1497
OAK,AUS,1497
MCI,SFO,1499
SFO,MCI,1499
LAS,MSY,1500
MSY,LAS,1500
MSP,MIA,1501
MIA,MSP,1501
SFO,AUS,1504
EWR,AUS,1504
AUS,SFO,1504
AUS,EWR,1504
TPA,DEN,1506
DEN,TPA,1506
PHX,SDF,1506
SDF,PHX,1506
BDL,IAH,1507
IAH,BDL,1507
GEG,MDW,1511
MDW,GEG,1511
LAS,ORD,1514
ORD,LAS,1514
SMF,MSP,1517
MSP,SMF,1517
OKC,SEA,1519
SEA,OKC,1519
CLT,STT,1520
STT,CLT,1520
LAS,MDW,1521
JFK,AUS,1521
AUS,JFK,1521
MDW,LAS,1521
MSP,SNA,1522
SNA,MSP,1522
MKE,LAS,1524
LAS,MKE,1524
RNO,IAH,1530
IAH,RNO,1530
SAN,MSP,1532
MSP,SAN,1532
FAI,SEA,1533
PHF,DEN,1533
SEA,FAI,1533
DEN,PHF,1533
LAX,MSP,1535
MSP,LAX,1535
TUS,ATL,1541
ATL,TUS,1541
PDX,ANC,1542
ANC,PDX,1542
DEN,MCO,1546
MCO,DEN,1546
ATL,SJU,1547
SJU,ATL,1547
CID,LAX,1550
SFO,XNA,1550
XNA,SFO,1550
ABQ,MCO,1553
MCO,ABQ,1553
DAL,BOS,1554
BOS,DAL,1554
SJU,DCA,1554
DCA,SJU,1554
STL,SAN,1557
SAN,STL,1557
PHL,DEN,1558
DEN,PHL,1558
STX,CLT,1562
BOS,DFW,1562
CLT,STX,1562
DFW,BOS,1562
SJU,BWI,1565
BWI,SJU,1565
SNA,STL,1569
CVG,PHX,1569
PHX,CVG,1569
SAT,EWR,1569
EWR,SAT,1569
STL,SNA,1569
IAD,SJU,1571
SJU,IAD,1571
JAC,ATL,1572
ATL,JAC,1572
MSP,SJC,1576
BQN,JFK,1576
SJC,MSP,1576
PHL,SJU,1576
SJU,PHL,1576
JFK,BQN,1576
HDN,IAD,1582
IAD,HDN,1582
BQN,EWR,1585
EWR,BQN,1585
PHX,ATL,1587
SAT,JFK,1587
ATL,PHX,1587
BNA,LAS,1587
JFK,SAT,1587
LAS,BNA,1587
MSP,SFO,1589
SFO,MSP,1589
IND,LAS,1590
SLC,ATL,1590
LAS,IND,1590
ATL,SLC,1590
STL,LAX,1592
LAX,STL,1592
BOS,IAH,1597
IAH,BOS,1597
JFK,SJU,1598
SJU,JFK,1598
STT,ATL,1599
MSY,SAN,1599
ATL,STT,1599
SAN,MSY,1599
PHL,STT,1605
EWR,DEN,1605
DEN,EWR,1605
STT,PHL,1605
STT,IAD,1606
IAD,STT,1606
RSW,DEN,1607
DEN,RSW,1607
SJU,EWR,1608
SJC,IAH,1608
EWR,SJU,1608
IAH,SJC,1608
IAH,SMF,1609
BOS,HOU,1609
HOU,BOS,1609
SMF,IAH,1609
DEN,ALB,1610
ALB,DEN,1610
DFW,PDX,1616
PDX,DFW,1616
PSE,JFK,1617
JFK,PSE,1617
BHM,LAS,1618
LAS,BHM,1618
MEM,LAX,1619
LAX,MEM,1619
DEN,LGA,1620
LGA,DEN,1620
STT,JFK,1623
JFK,STT,1623
LAS,SDF,1624
SDF,LAS,1624
PDX,DAL,1626
JFK,DEN,1626
DEN,JFK,1626
DAL,PDX,1626
OAK,IAH,1628
IAH,OAK,1628
EWR,STT,1634
STT,EWR,1634
SFO,IAH,1635
IAH,SFO,1635
STX,ATL,1638
ATL,STX,1638
ATL,BZN,1640
BZN,ATL,1640
OAK,HOU,1642
HOU,OAK,1642
ORD,PSP,1651.7613941018767
PSP,ORD,1651.7628032345012
DFW,SEA,1660
SEA,DFW,1660
SJU,BDL,1666
BDL,SJU,1666
SEA,DAL,1670
BWI,ABQ,1670
LAX,MSY,1670
PHX,CMH,1670
DAL,SEA,1670
ABQ,BWI,1670
CMH,PHX,1670
MSY,LAX,1670
PHX,DTW,1671
ORD,RNO,1671
DEN,BDL,1671
RNO,ORD,1671
DTW,PHX,1671
BDL,DEN,1671
MSN,SAN,1672
BOS,SJU,1674
SJU,BOS,1674
LAS,CVG,1678
CVG,LAS,1678
DEN,PBI,1679
PBI,DEN,1679
RNO,MDW,1680
MDW,RNO,1680
LAX,MSN,1687
MSN,LAX,1687
STT,BOS,1693
BOS,STT,1693
MKE,SEA,1694
SEA,MKE,1694
AUS,BOS,1698
BOS,AUS,1698
FLL,DEN,1703
DEN,FLL,1703
MDW,ONT,1706
ONT,MDW,1706
STL,PDX,1708
PDX,STL,1708
STL,SEA,1709
DEN,MIA,1709
MIA,DEN,1709
SEA,STL,1709
PDX,AUS,1715
AUS,PDX,1715
SEA,ORD,1721
ORD,SEA,1721
SAN,ORD,1723
ORD,SAN,1723
EWR,EGE,1725
EGE,EWR,1725
ORD,SNA,1726
SNA,ORD,1726
SLC,CLT,1727
CLT,SLC,1727
SAN,MDW,1728
EWR,HDN,1728
MDW,SAN,1728
HDN,EWR,1728
MDW,SNA,1731
SNA,MDW,1731
MDW,SEA,1733
FNT,LAS,1733
SEA,MDW,1733
LAS,FNT,1733
SFO,STL,1735
STL,SFO,1735
CLE,PHX,1737
PHX,CLE,1737
ORD,PDX,1739
MKE,SAN,1739
SAN,MKE,1739
PDX,ORD,1739
LAX,ORD,1744
ORD,LAX,1744
JFK,EGE,1746
EGE,JFK,1746
ATL,LAS,1747
LAS,ATL,1747
DTW,LAS,1749
LAS,DTW,1749
IAD,JAC,1750
JAC,IAD,1750
MDW,LAX,1750
LAX,MDW,1750
BNA,SAN,1751
MDW,PDX,1751
PDX,MDW,1751
SAN,BNA,1751
BOS,DEN,1754
DEN,BOS,1754
LAX,MKE,1756
MKE,LAX,1756
SEA,AUS,1770
AUS,SEA,1770
LAS,CMH,1771
CMH,LAS,1771
SFO,MSN,1772
MSN,SFO,1772
CLT,PHX,1773
PHX,CLT,1773
SEA,SAT,1774
SAT,SEA,1774
ORD,SMF,1781
SMF,ORD,1781
PHX,TPA,1788
TPA,PHX,1788
MDW,SMF,1790
SMF,MDW,1790
EWR,MTJ,1795
MTJ,EWR,1795
BNA,LAX,1797
LAX,BNA,1797
MSO,ATL,1800
ATL,MSO,1800
MIA,EGE,1810
LGA,MTJ,1810
EGE,MIA,1810
MTJ,LGA,1810
PIT,PHX,1814
LAX,IND,1814
PHX,PIT,1814
IND,LAX,1814
LAS,CLE,1824
CLE,LAS,1824
PDX,IAH,1825
IAH,PDX,1825
JFK,ABQ,1826
ABQ,JFK,1826
SJC,ORD,1829
ORD,SJC,1829
ORD,OAK,1836
OAK,ORD,1836
SJC,MDW,1838
MDW,SJC,1838
CLE,SJU,1839
SJU,CLE,1839
FCA,ATL,1842
ATL,FCA,1842
HOU,PDX,1843
PDX,HOU,1843
OAK,MDW,1844
MDW,OAK,1844
SFO,MKE,1845
MKE,SFO,1845
SFO,ORD,1846
CAK,LAS,1846
ORD,SFO,1846
LAS,CAK,1846
MCO,PHX,1849
PHX,MCO,1849
DCA,SLC,1851
SLC,DCA,1851
SFO,MDW,1855
MDW,SFO,1855
BWI,SLC,1865
SLC,BWI,1865
SAN,CVG,1865
CVG,SAN,1865
EWR,JAC,1874
IAH,SEA,1874
JAC,EWR,1874
SEA,IAH,1874
EWR,BZN,1882
BZN,EWR,1882
SLC,TPA,1888
TPA,SLC,1888
PHX,RDU,1891
RDU,PHX,1891
SAN,ATL,1892
ATL,SAN,1892
JFK,JAC,1894
HOU,SEA,1894
SEA,HOU,1894
BZN,LGA,1894
JAC,JFK,1894
LGA,BZN,1894
ONT,ATL,1900
CVG,LAX,1900
LAX,CVG,1900
ATL,ONT,1900
MSY,OAK,1903
OAK,MSY,1903
PIT,LAS,1910
LAS,PIT,1910
SFO,MSY,1911
MSY,SFO,1911
PHX,BUF,1912
BUF,PHX,1912
LAS,CLT,1916
CLT,LAS,1916
SNA,ATL,1919
ATL,SNA,1919
SEA,DTW,1927
SLC,PHL,1927
DTW,SEA,1927
PHL,SLC,1927
SJU,DTW,1930
DTW,SJU,1930
SLC,MCO,1931
MCO,SLC,1931
SFO,IND,1943
IND,SFO,1943
LAX,ATL,1947
ATL,LAX,1947
PDX,DTW,1953
DTW,PDX,1953
LBE,LAS,1954
LAS,LBE,1954
DTW,SAN,1956
PHX,IAD,1956
SAN,DTW,1956
IAD,PHX,1956
BNA,OAK,1959
OAK,BNA,1959
JAX,LAS,1965
LAS,JAX,1965
CVG,SEA,1965
SEA,CVG,1965
EWR,SLC,1969
SLC,EWR,1969
PHX,FLL,1972
MIA,PHX,1972
PHX,MIA,1972
FLL,PHX,1972
BNA,SEA,1978
SEA,BNA,1978
PHX,DCA,1979
DTW,LAX,1979
LAX,DTW,1979
DCA,PHX,1979
LAS,TPA,1984
TPA,LAS,1984
BUF,LAS,1986
LAS,BUF,1986
SLC,JFK,1990
JFK,SLC,1990
LAX,CMH,1995
CMH,LAX,1995
SJU,HOU,1997
HOU,SJU,1997
PHX,BWI,1999
BWI,PHX,1999
IAH,SJU,2007
SJU,IAH,2007
SFO,ANC,2018
ANC,SFO,2018
CLE,SEA,2021
SEA,CLE,2021
RDU,LAS,2026
LAS,RDU,2026
SFO,CVG,2036
CVG,SFO,2036
LAS,MCO,2039
MCO,LAS,2039
LAX,CLE,2052
CLE,LAX,2052
IAD,LAS,2065
LAS,IAD,2065
STT,IAH,2070
IAH,STT,2070
SJU,ORD,2072
ORD,SJU,2072
PHL,PHX,2075
PHX,PHL,2075
SAN,CLT,2077
CLT,SAN,2077
DTW,SFO,2079
SFO,DTW,2079
SEA,MSY,2086
MSY,SEA,2086
SLC,MIA,2088
MIA,SLC,2088
DCA,LAS,2089
LAS,DCA,2089
SMF,ATL,2092
ATL,SMF,2092
BOS,SLC,2105
SLC,BOS,2105
BWI,LAS,2106
LAS,BWI,2106
CMH,OAK,2110
OAK,CMH,2110
SJC,ATL,2116
STT,ORD,2116
ORD,STT,2116
ATL,SJC,2116
SLC,ANC,2125
LAX,CLT,2125
ANC,SLC,2125
CLT,LAX,2125
ATL,OAK,2130
OAK,ATL,2130
EWR,PHX,2133
PHX,EWR,2133
LAX,PIT,2136
PIT,LAX,2136
ATL,SFO,2139
SFO,ATL,2139
SAN,MCO,2149
MCO,SAN,2149
JFK,PHX,2153
PHX,JFK,2153
TPA,LAX,2158
LAX,TPA,2158
CLE,SFO,2161
SFO,CLE,2161
SJU,DFW,2165
DFW,SJU,2165
PDX,ATL,2172
ATL,PDX,2172
LAS,FLL,2173
FLL,LAS,2173
LAS,MIA,2174
MIA,LAS,2174
LAS,PHL,2176
PHL,LAS,2176
SEA,ATL,2182
ATL,SEA,2182
LAX,MCO,2218
MCO,LAX,2218
LAS,EWR,2227
EWR,LAS,2227
LAS,ALB,2237
ALB,LAS,2237
LAX,RDU,2239
RDU,LAX,2239
SMF,CLT,2244
CLT,SMF,2244
LAS,JFK,2248
JFK,LAS,2248
SAN,IAD,2253
IAD,SAN,2253
SFO,PIT,2254
PIT,SFO,2254
SAN,MIA,2267
MIA,SAN,2267
SEA,CLT,2279
CLT,SEA,2279
MHT,PHX,2280
PHX,MHT,2280
CLT,PDX,2282
PDX,CLT,2282
IAD,LAX,2288
LAX,IAD,2288
BWI,SAN,2295
SAN,BWI,2295
SFO,CLT,2296
CLT,SFO,2296
BDL,LAS,2297
LAS,BDL,2297
PHX,BOS,2300
BOS,PHX,2300
LAS,ANC,2304
ANC,LAS,2304
IAD,SEA,2306
SEA,IAD,2306
LAX,DCA,2311
DCA,LAX,2311
IAD,PDX,2327
PDX,IAD,2327
SEA,DCA,2329
DCA,SEA,2329
BWI,LAX,2329
LAX,BWI,2329
PBI,LAX,2330
LAX,PBI,2330
BWI,SEA,2335
SEA,BWI,2335
SFO,OGG,2338
OGG,SFO,2338
LAX,MIA,2342
MIA,LAX,2342
LAX,FLL,2342.744994731296
FLL,LAX,2342.7456647398844
ANC,LAX,2345
LAX,ANC,2345
OAK,OGG,2349
OGG,OAK,2349
PDX,DCA,2350
DCA,PDX,2350
SEA,RDU,2354
RDU,SEA,2354
SJC,OGG,2355
OGG,SJC,2355
MHT,LAS,2356
LAS,MHT,2356
BWI,PDX,2358
PDX,BWI,2358
SMF,IAD,2358
IAD,SMF,2358
LGB,ANC,2360
ANC,LGB,2360
KOA,SFO,2367
SFO,KOA,2367
PHL,SAN,2370
SAN,PHL,2370
PSP,JFK,2378
SEA,PHL,2378
KOA,OAK,2378
JFK,PSP,2378
PHL,SEA,2378
OAK,KOA,2378
BOS,LAS,2381
LAS,BOS,2381
SJC,KOA,2384
KOA,SJC,2384
TPA,SFO,2393
SFO,HNL,2398
HNL,SFO,2398
RDU,SFO,2400
SFO,RDU,2400
EWR,SEA,2402
PHL,LAX,2402
LAX,PHL,2402
SEA,EWR,2402
SMF,OGG,2404
OGG,SMF,2404
SJU,MSP,2404
MSP,SJU,2404
DEN,ANC,2405
ANC,DEN,2405
PDX,PHL,2406
PHL,PDX,2406
HNL,OAK,2409
OAK,HNL,2409
JFK,RNO,2411
RNO,JFK,2411
CHS,SEA,2415
SEA,CHS,2415
SJC,HNL,2417
HNL,SJC,2417
SFO,IAD,2419
IAD,SFO,2419
JFK,SEA,2422
SEA,JFK,2422
EWR,SAN,2425
SAN,EWR,2425
EWR,PDX,2434
PDX,EWR,2434
SNA,EWR,2434
EWR,SNA,2434
SFO,DCA,2442
DCA,SFO,2442
MCO,SFO,2446
SAN,JFK,2446
SFO,MCO,2446
JFK,SAN,2446
OAK,BWI,2447
SFO,LIH,2447
LIH,SFO,2447
BWI,OAK,2447
ITO,LAX,2449
LAX,ITO,2449
EWR,LAX,2454
JFK,PDX,2454
PDX,JFK,2454
LAX,EWR,2454
BWI,SFO,2457
LIH,OAK,2457
SFO,BWI,2457
OAK,LIH,2457
PHL,SMF,2458
SMF,PHL,2458
HNL,SMF,2462
SMF,HNL,2462
LGB,JFK,2465
JFK,BUR,2465
BUR,JFK,2465
JFK,LGB,2465
SJC,LIH,2466
MSP,FAI,2466
LIH,SJC,2466
FAI,MSP,2466
LAX,JFK,2475
JFK,LAX,2475
LAX,OGG,2486
OGG,LAX,2486
BOS,SEA,2496
SEA,BOS,2496
LAX,KOA,2504
KOA,LAX,2504
MSP,ANC,2519
ANC,MSP,2519
SEA,TPA,2520
TPA,SEA,2520
PHL,SFO,2521
JFK,SMF,2521
SMF,JFK,2521
SFO,PHL,2521
PDX,BOS,2537
BOS,PDX,2537
SAN,OGG,2541
OGG,SAN,2541
PHX,ANC,2552
ANC,PHX,2552
MCO,SEA,2554
SEA,MCO,2554
SAN,KOA,2556
LAX,HNL,2556
KOA,SAN,2556
HNL,LAX,2556
PDX,OGG,2562
OGG,PDX,2562
EWR,SFO,2565
SFO,EWR,2565
JFK,SJC,2569
SJC,JFK,2569
OAK,JFK,2576
OAK,FLL,2576
JFK,OAK,2576
SFO,FLL,2583.7076023391814
FLL,SFO,2583.7088514996344
SFO,MIA,2585
MIA,SFO,2585
JFK,SFO,2586
SFO,JFK,2586
SAN,BOS,2588
BOS,SAN,2588
HNL,PPG,2599
PPG,HNL,2599
BOS,LGB,2602
LGB,BOS,2602
HNL,PDX,2603
PDX,HNL,2603
PDX,KOA,2607
KOA,PDX,2607
LAX,BOS,2611
BOS,LAX,2611
HNL,SAN,2614
SAN,HNL,2614
LIH,LAX,2615
LAX,LIH,2615
PDX,LIH,2631
LIH,PDX,2631
SMF,BOS,2636
BOS,SMF,2636
SEA,OGG,2640
OGG,SEA,2640
LIH,SAN,2676
SAN,LIH,2676
SEA,HNL,2677
HNL,SEA,2677
BLI,OGG,2681
OGG,BLI,2681
SEA,KOA,2688
KOA,SEA,2688
BOS,SJC,2689
SJC,BOS,2689
OAK,BOS,2694
BOS,OAK,2694
LIH,SEA,2701
SEA,LIH,2701
SFO,BOS,2704
BOS,SFO,2704
HNL,BLI,2715
BLI,HNL,2715
SEA,FLL,2717
FLL,SEA,2717
MIA,SEA,2724
SEA,MIA,2724
HNL,LAS,2762
LAS,HNL,2762
HNL,ANC,2777
ANC,HNL,2777
FAI,ORD,2785
ORD,FAI,2785
ANC,OGG,2797
OGG,ANC,2797
PHX,OGG,2845
OGG,PHX,2845
ORD,ANC,2846
ANC,ORD,2846
KOA,PHX,2860
PHX,KOA,2860
ANC,KOA,2874
KOA,ANC,2874
HNL,PHX,2917
PHX,HNL,2917
LIH,PHX,2979
PHX,LIH,2979
HNL,SLC,2994
SLC,HNL,2994
ANC,DFW,3043
DFW,ANC,3043
IAH,ANC,3266
ANC,IAH,3266
OGG,DEN,3302
DEN,OGG,3302
DEN,KOA,3329
KOA,DEN,3329
HNL,DEN,3365
DEN,HNL,3365
EWR,ANC,3370
ANC,EWR,3370
LIH,DEN,3414
DEN,LIH,3414
ATL,ANC,3417
ANC,ATL,3417
DFW,OGG,3711
OGG,DFW,3711
HNL,DFW,3784
DFW,HNL,3784
GUM,HNL,3801
HNL,GUM,3801
IAH,HNL,3904
HNL,IAH,3904
MSP,HNL,3972
HNL,MSP,3972
ORD,OGG,4184
OGG,ORD,4184
HNL,ORD,4243
ORD,HNL,4243
ATL,HNL,4502
HNL,ATL,4502
IAD,HNL,4817
HNL,IAD,4817
HNL,EWR,4962
EWR,HNL,4962
JFK,HNL,4983
HNL,JFK,4983
